mock_relative_url,selection_count,player_drafted_matches,round_one_player_matches,player_to_team_matches,round_matches,correct_player_in_round_matches,same_position_same_round_matches,same_position_plus_minus_one_round_matches,mean_pick_abs_error,median_pick_abs_error,player_to_pick_matches,team_to_position_matches,player_to_pick_match_rate,player_to_team_match_rate,round_one_player_match_rate,team_to_position_match_rate,round_match_rate,player_drafted_match_rate,correct_player_in_round_rate,same_position_same_round_rate,same_position_plus_minus_one_round_rate,generous_score_points,generous_score_max_points,generous_score_rate,simple_score_points,simple_score_max_points,simple_score_rate,custom_accuracy_score,mock_name,author_name,published_at,external_url,metadata_selection_count
/team-mock-drafts/2020/colts-colts-wire-2020-kevin-hickey?date=2020-04-20,8,8,0,1,5,1,4,0,,,0,0,0.0,0.125,0.0,0.0,0.625,1.0,0.125,0.5,0.0,11,24,0.4583333333333333,11,24,0.4583333333333333,45.83333333333333,Colts Wire,Kevin Hickey,04/20/20,https://coltswire.usatoday.com/2020/04/20/2020-nfl-mock-draft-indianapolis-colts-final-7-round-projections-trades/?utm_source=nflmockdraftdatabase&utm_medium=website&utm_content=read_mock_link,8
/team-mock-drafts/2020/ravens-ravens-wire-2020-vasilios-nikolaou?date=2020-04-15,3,3,1,0,3,0,1,2,,,0,0,0.0,0.0,0.3333333333333333,0.0,1.0,1.0,0.0,0.3333333333333333,0.6666666666666666,4,9,0.4444444444444444,4,9,0.4444444444444444,44.44444444444444,Ravens Wire,Vasilios Nikolaou,04/15/20,https://ravenswire.usatoday.com/2020/04/15/2020-nfl-draft-baltimore-ravens-mock-draft-probability-edition/?utm_source=nflmockdraftdatabase&utm_medium=website&utm_content=read_mock_link,3
/team-mock-drafts/2020/bears-fansided-2020-brad-berreman?date=2020-04-13,7,5,0,1,1,1,2,2,,,0,0,0.0,0.14285714285714285,0.0,0.0,0.14285714285714285,0.7142857142857143,0.14285714285714285,0.2857142857142857,0.2857142857142857,9,21,0.42857142857142855,9,21,0.42857142857142855,42.857142857142854,Fansided,Brad Berreman,04/13/20,https://fansided.com/2020/04/13/chicago-bears-full-2020-nfl-mock-draft/2/?utm_source=nflmockdraftdatabase&utm_medium=website&utm_content=read_mock_link,7
/team-mock-drafts/2020/browns-browns-nation-2020-kyle-daubs?date=2020-04-11,7,6,1,1,4,1,2,2,,,0,0,0.0,0.14285714285714285,0.14285714285714285,0.0,0.5714285714285714,0.8571428571428571,0.14285714285714285,0.2857142857142857,0.2857142857142857,9,21,0.42857142857142855,9,21,0.42857142857142855,42.857142857142854,Browns Nation,Kyle Daubs,04/11/20,https://www.brownsnation.com/2020-nfl-draft-cleveland-browns-7-round-mock-draft/?utm_source=nflmockdraftdatabase&utm_medium=website&utm_content=read_mock_link,7
/team-mock-drafts/2020/panthers-panthers-wire-2020-erik-williams?date=2020-04-18,7,6,2,1,4,1,2,2,,,0,0,0.0,0.14285714285714285,0.2857142857142857,0.0,0.5714285714285714,0.8571428571428571,0.14285714285714285,0.2857142857142857,0.2857142857142857,9,21,0.42857142857142855,9,21,0.42857142857142855,42.857142857142854,Panthers Wire,Erik Williams,04/18/20,https://pantherswire.usatoday.com/2020/04/18/2020-nfl-draft-panthers-dueling-mock-drafts/?utm_source=nflmockdraftdatabase&utm_medium=website&utm_content=read_mock_link,7
/team-mock-drafts/2020/browns-browns-digest-2020-shawn-stevenson?date=2020-04-22,7,6,1,0,2,0,3,3,,,0,0,0.0,0.0,0.14285714285714285,0.0,0.2857142857142857,0.8571428571428571,0.0,0.42857142857142855,0.42857142857142855,9,21,0.42857142857142855,9,21,0.42857142857142855,42.857142857142854,Browns Digest,Shawn Stevenson,04/21/20,https://www.si.com/nfl/browns/browns-maven-features/cleveland-browns-2020-nfl-mock-draft-version-4?utm_source=nflmockdraftdatabase&utm_medium=website&utm_content=read_mock_link,7
/team-mock-drafts/2020/browns-dawg-pound-daily-2020-matthew-mcfatridge?date=2020-04-13,7,7,1,0,3,0,4,1,,,0,0,0.0,0.0,0.14285714285714285,0.0,0.42857142857142855,1.0,0.0,0.5714285714285714,0.14285714285714285,9,21,0.42857142857142855,9,21,0.42857142857142855,42.857142857142854,Dawg Pound Daily,Matthew McFatridge,04/13/20,https://dawgpounddaily.com/2020/04/13/cleveland-browns-fill-huge-holes-2020-nfl-mock-draft/2/?utm_source=nflmockdraftdatabase&utm_medium=website&utm_content=read_mock_link,7
/team-mock-drafts/2020/panthers-cat-crave-2020-john-ellis?date=2020-04-19,8,7,1,2,3,2,2,0,,,0,0,0.0,0.25,0.125,0.0,0.375,0.875,0.25,0.25,0.0,10,24,0.4166666666666667,10,24,0.4166666666666667,41.66666666666667,Cat Crave,John Ellis,04/19/20,https://catcrave.com/2020/04/19/2020-panthers-mock-draft/2/?utm_source=nflmockdraftdatabase&utm_medium=website&utm_content=read_mock_link,8
/team-mock-drafts/2020/jets-ny-daily-news-2020-manish-mehta?date=2020-04-22,8,7,2,1,4,1,3,1,,,0,0,0.0,0.125,0.25,0.0,0.5,0.875,0.125,0.375,0.125,10,24,0.4166666666666667,10,24,0.4166666666666667,41.66666666666667,NY Daily News,Manish Mehta,04/21/20,https://www.nydailynews.com/sports/football/jets/ny-jets-mock-draft-nfl-20200422-7nnhrxgqszcajposuuhnkakhki-story.html?utm_source=nflmockdraftdatabase&utm_medium=website&utm_content=read_mock_link,8
/team-mock-drafts/2020/vikings-the-viking-age-2020-luke-parrish?date=2020-04-19,12,9,1,1,3,1,4,4,,,0,0,0.0,0.08333333333333333,0.08333333333333333,0.0,0.25,0.75,0.08333333333333333,0.3333333333333333,0.3333333333333333,15,36,0.4166666666666667,15,36,0.4166666666666667,41.66666666666667,The Viking Age,Luke Parrish,04/19/20,https://thevikingage.com/2020/04/19/minnesota-vikings-draft-2020-mock/2/?utm_source=nflmockdraftdatabase&utm_medium=website&utm_content=read_mock_link,12
/team-mock-drafts/2020/broncos-denverbroncos-com-2020-aric-dilalla?date=2020-04-10,5,5,1,2,1,1,1,1,,,0,0,0.0,0.4,0.2,0.0,0.2,1.0,0.2,0.2,0.2,6,15,0.4,6,15,0.4,40.0,DenverBroncos.com,Aric DiLalla,04/10/20,https://www.denverbroncos.com/news/forecasting-the-first-three-rounds-of-the-broncos-2020-nfl-draft?utm_source=nflmockdraftdatabase&utm_medium=website&utm_content=read_mock_link,5
/team-mock-drafts/2020/broncos-denverbroncos-com-2020-phil-milani?date=2020-04-10,5,5,1,1,5,1,1,1,,,0,0,0.0,0.2,0.2,0.0,1.0,1.0,0.2,0.2,0.2,6,15,0.4,6,15,0.4,40.0,DenverBroncos.com,Phil Milani,04/10/20,https://www.denverbroncos.com/news/forecasting-the-first-three-rounds-of-the-broncos-2020-nfl-draft?utm_source=nflmockdraftdatabase&utm_medium=website&utm_content=read_mock_link,5
/team-mock-drafts/2020/bills-bills-wire-2020-jeremy-juhasz?date=2020-04-23,6,6,0,1,2,1,2,0,,,0,0,0.0,0.16666666666666666,0.0,0.0,0.3333333333333333,1.0,0.16666666666666666,0.3333333333333333,0.0,7,18,0.3888888888888889,7,18,0.3888888888888889,38.88888888888889,Bills Wire,Jeremy Juhasz,04/23/20,https://billswire.usatoday.com/2020/04/23/2020-nfl-draft-mock-draft-buffalo-bills-curtis-weaver-julian-okwara/5/?utm_source=nflmockdraftdatabase&utm_medium=website&utm_content=read_mock_link,6
/team-mock-drafts/2020/browns-nfl-mocks-2020-sayre-bedinger?date=2020-04-15,6,6,1,1,2,0,2,3,,,0,0,0.0,0.16666666666666666,0.16666666666666666,0.0,0.3333333333333333,1.0,0.0,0.3333333333333333,0.5,7,18,0.3888888888888889,7,18,0.3888888888888889,38.88888888888889,NFL Mocks,Sayre Bedinger,04/15/20,https://nflmocks.com/2020/04/15/cleveland-browns-mock-draft-trading/2/?utm_source=nflmockdraftdatabase&utm_medium=website&utm_content=read_mock_link,6
/team-mock-drafts/2020/49ers-niner-noise-2020-peter-panacy?date=2020-04-13,7,7,1,2,2,1,2,1,,,0,0,0.0,0.2857142857142857,0.14285714285714285,0.0,0.2857142857142857,1.0,0.14285714285714285,0.2857142857142857,0.14285714285714285,8,21,0.38095238095238093,8,21,0.38095238095238093,38.095238095238095,Niner Noise,Peter Panacy,04/13/20,https://ninernoise.com/2020/04/13/49ers-7-round-trade-heavy-mock-2020-nfl-draft/2/?utm_source=nflmockdraftdatabase&utm_medium=website&utm_content=read_mock_link,7
/team-mock-drafts/2020/raiders-raiders-wire-2020-levi-damien?date=2020-04-16,7,7,1,0,3,0,4,0,,,0,0,0.0,0.0,0.14285714285714285,0.0,0.42857142857142855,1.0,0.0,0.5714285714285714,0.0,8,21,0.38095238095238093,8,21,0.38095238095238093,38.095238095238095,Raiders Wire,Levi Damien,04/16/20,https://raiderswire.usatoday.com/2020/04/16/raiders-7-round-2020-nfl-mock-draft/?utm_source=nflmockdraftdatabase&utm_medium=website&utm_content=read_mock_link,7
/team-mock-drafts/2020/eagles-nbc-sports-philadelphia-2020-dave-zangaro?date=2020-04-20,8,8,2,1,3,1,2,2,,,0,0,0.0,0.125,0.25,0.0,0.375,1.0,0.125,0.25,0.25,9,24,0.375,9,24,0.375,37.5,NBC Sports Philadelphia,Dave Zangaro,04/20/20,https://www.nbcsports.com/philadelphia/eagles/2020-nfl-mock-draft-eagles-receiver-justin-jefferson?utm_source=nflmockdraftdatabase&utm_medium=website&utm_content=read_mock_link,8
/team-mock-drafts/2020/jets-sny-2020-ralph-vacchiano?date=2020-04-13,8,5,1,1,3,1,3,0,,,0,0,0.0,0.125,0.125,0.0,0.375,0.625,0.125,0.375,0.0,9,24,0.375,9,24,0.375,37.5,SNY,Ralph Vacchiano,04/13/20,https://www.sny.tv/jets/news/jets-seven-round-2020-nfl-mock-draft-the-final-picks-are-in/313311548?utm_source=nflmockdraftdatabase&utm_medium=website&utm_content=read_mock_link,8
/team-mock-drafts/2020/jets-the-jet-press-2020-steven-blush?date=2020-04-19,8,7,1,1,4,1,2,2,,,0,0,0.0,0.125,0.125,0.0,0.5,0.875,0.125,0.25,0.25,9,24,0.375,9,24,0.375,37.5,The Jet Press,Steven Blush,04/19/20,https://thejetpress.com/2020/04/19/ny-jets-mock-draft-full-udfa-predictions-ahead-of-nfl-draft/?utm_source=nflmockdraftdatabase&utm_medium=website&utm_content=read_mock_link,8
/team-mock-drafts/2020/raiders-just-blog-baby-2020-nick-ellis?date=2020-04-20,8,8,2,1,3,1,3,0,,,0,0,0.0,0.125,0.25,0.0,0.375,1.0,0.125,0.375,0.0,9,24,0.375,9,24,0.375,37.5,Just Blog Baby,Nick Ellis,04/20/20,https://justblogbaby.com/2020/04/20/raiders-2020-nfl-draft-trades-first/2/?utm_source=nflmockdraftdatabase&utm_medium=website&utm_content=read_mock_link,8
/team-mock-drafts/2020/broncos-denver-post-2020-phillip-heilman?date=2020-04-21,9,7,2,1,2,0,4,2,,,0,0,0.0,0.1111111111111111,0.2222222222222222,0.0,0.2222222222222222,0.7777777777777778,0.0,0.4444444444444444,0.2222222222222222,10,27,0.37037037037037035,10,27,0.37037037037037035,37.03703703703704,Denver Post,Phillip Heilman,04/21/20,https://www.denverpost.com/2020/04/21/broncos-7-round-mock-draft-4/?utm_source=nflmockdraftdatabase&utm_medium=website&utm_content=read_mock_link,9
/team-mock-drafts/2020/ravens-ebony-bird-2020-michael-natelli?date=2020-04-16,9,8,2,1,3,1,2,3,,,0,0,0.0,0.1111111111111111,0.2222222222222222,0.0,0.3333333333333333,0.8888888888888888,0.1111111111111111,0.2222222222222222,0.3333333333333333,10,27,0.37037037037037035,10,27,0.37037037037037035,37.03703703703704,Ebony Bird,Michael Natelli,04/16/20,https://ebonybird.com/2020/04/16/baltimore-ravens-mock-draft-natellis-revolution-2-0-edition/2/?utm_source=nflmockdraftdatabase&utm_medium=website&utm_content=read_mock_link,9
/team-mock-drafts/2020/ravens-ebony-bird-2020-darin-mccann?date=2020-04-19,9,8,1,0,4,0,4,2,,,0,0,0.0,0.0,0.1111111111111111,0.0,0.4444444444444444,0.8888888888888888,0.0,0.4444444444444444,0.2222222222222222,10,27,0.37037037037037035,10,27,0.37037037037037035,37.03703703703704,Ebony Bird,Darin McCann,04/19/20,https://ebonybird.com/2020/04/19/ravens-trade-first-final-mock-draft/?utm_source=nflmockdraftdatabase&utm_medium=website&utm_content=read_mock_link,9
/team-mock-drafts/2020/broncos-broncos-wire-2020-jon-heath?date=2020-04-23,10,9,3,2,1,1,1,5,,,0,0,0.0,0.2,0.3,0.0,0.1,0.9,0.1,0.1,0.5,10,30,0.3333333333333333,10,30,0.3333333333333333,33.33333333333333,Broncos Wire,Jon Heath,04/23/20,https://broncoswire.usatoday.com/gallery/denver-broncos-news-final-seven-round-2020-nfl-mock-draft/?utm_source=nflmockdraftdatabase&utm_medium=website&utm_content=read_mock_link,10
/team-mock-drafts/2020/chiefs-nfl-mocks-2020-jacob-schyvinck?date=2020-04-16,5,5,1,1,2,1,1,0,,,0,0,0.0,0.2,0.2,0.0,0.4,1.0,0.2,0.2,0.0,5,15,0.3333333333333333,5,15,0.3333333333333333,33.33333333333333,NFL Mocks,Jacob Schyvinck,04/16/20,https://nflmocks.com/2020/04/16/kansas-city-chiefs-mock-draft-value/2/?utm_source=nflmockdraftdatabase&utm_medium=website&utm_content=read_mock_link,5
/team-mock-drafts/2020/bears-windy-city-gridiron-2020-lester-a-wiltfong-jr?date=2020-04-23,6,6,0,1,1,1,1,1,,,0,0,0.0,0.16666666666666666,0.0,0.0,0.16666666666666666,1.0,0.16666666666666666,0.16666666666666666,0.16666666666666666,6,18,0.3333333333333333,6,18,0.3333333333333333,33.33333333333333,Windy City Gridiron,Lester A. Wiltfong Jr.,04/23/20,https://www.windycitygridiron.com/2020/4/23/21232741/2020-nfl-draft-chicago-bears-preview-podcast-mock-audio-video-cushenberry-cole-kmet-jake-fromm?utm_source=nflmockdraftdatabase&utm_medium=website&utm_content=read_mock_link,6
/team-mock-drafts/2020/jets-ny-post-2020-brian-costello?date=2020-04-21,8,7,3,1,2,1,2,1,,,0,0,0.0,0.125,0.375,0.0,0.25,0.875,0.125,0.25,0.125,8,24,0.3333333333333333,8,24,0.3333333333333333,33.33333333333333,NY Post,Brian Costello,04/20/20,https://nypost.com/2020/04/21/jets-nfl-mock-draft-4-0-mekhi-bectons-upside-pushes-receiver-need-to-day-2/?utm_source=nflmockdraftdatabase&utm_medium=website&utm_content=read_mock_link,8
/team-mock-drafts/2020/giants-north-jersey-2020-art-stapleton?date=2020-04-13,10,8,1,1,3,1,3,1,,,0,0,0.0,0.1,0.1,0.0,0.3,0.8,0.1,0.3,0.1,10,30,0.3333333333333333,10,30,0.3333333333333333,33.33333333333333,North Jersey,Art Stapleton,04/13/20,https://www.northjersey.com/story/sports/nfl/giants/2020/04/13/nfl-draft-all-picks-ny-giants-our-7-round-mock-draft/2950306001/?utm_source=nflmockdraftdatabase&utm_medium=website&utm_content=read_mock_link,10
/team-mock-drafts/2020/browns-with-the-first-pick-2020-randy-gurzi?date=2020-04-19,7,7,1,0,5,0,3,1,,,0,0,0.0,0.0,0.14285714285714285,0.0,0.7142857142857143,1.0,0.0,0.42857142857142855,0.14285714285714285,7,21,0.3333333333333333,7,21,0.3333333333333333,33.33333333333333,With The First Pick,Randy Gurzi,04/19/20,https://withthefirstpick.com/2020/04/19/2020-nfl-draft-browns-final-mock-draft-four-days-go/2/?utm_source=nflmockdraftdatabase&utm_medium=website&utm_content=read_mock_link,7
/team-mock-drafts/2020/chiefs-chiefs-wire-2020-ed-easton-jr?date=2020-04-20,5,5,0,0,0,0,2,1,,,0,0,0.0,0.0,0.0,0.0,0.0,1.0,0.0,0.4,0.2,5,15,0.3333333333333333,5,15,0.3333333333333333,33.33333333333333,Chiefs Wire,Ed Easton Jr.,04/20/20,https://chiefswire.usatoday.com/2020/04/20/2020-nfl-draft-chiefs-wire-staff-5-round-kansas-city-chiefs-dueling-mock-draft/4/?utm_source=nflmockdraftdatabase&utm_medium=website&utm_content=read_mock_link,5
/team-mock-drafts/2020/jets-wfan-2020-steve-lichtenstein?date=2020-04-15,6,6,1,0,4,0,2,2,,,0,0,0.0,0.0,0.16666666666666666,0.0,0.6666666666666666,1.0,0.0,0.3333333333333333,0.3333333333333333,6,18,0.3333333333333333,6,18,0.3333333333333333,33.33333333333333,WFAN,Steve Lichtenstein,04/15/20,https://wfan.radio.com/articles/news/jets-4-round-nfl-mock-draft-trading-down-for-o-line-help?utm_source=nflmockdraftdatabase&utm_medium=website&utm_content=read_mock_link,6
/team-mock-drafts/2020/raiders-nfl-spin-zone-2020-randy-gurzi?date=2020-04-11,7,6,1,0,2,0,3,1,,,0,0,0.0,0.0,0.14285714285714285,0.0,0.2857142857142857,0.8571428571428571,0.0,0.42857142857142855,0.14285714285714285,7,21,0.3333333333333333,7,21,0.3333333333333333,33.33333333333333,NFL Spin Zone,Randy Gurzi,04/11/20,https://nflspinzone.com/2020/04/11/las-vegas-raiders-mock-draft-2020-mid-april/2/?utm_source=nflmockdraftdatabase&utm_medium=website&utm_content=read_mock_link,7
/team-mock-drafts/2020/rams-sportsnaut-2020-vincent-frank?date=2020-04-12,7,5,0,0,4,0,3,1,,,0,0,0.0,0.0,0.0,0.0,0.5714285714285714,0.7142857142857143,0.0,0.42857142857142855,0.14285714285714285,7,21,0.3333333333333333,7,21,0.3333333333333333,33.33333333333333,Sportsnaut,Vincent Frank,04/12/20,https://sportsnaut.com/2020/04/updated-los-angeles-rams-seven-round-2020-nfl-mock-draft/?utm_source=nflmockdraftdatabase&utm_medium=website&utm_content=read_mock_link,7
/team-mock-drafts/2020/steelers-behind-the-steel-curtain-2020-bryan-anthony-davis?date=2020-04-21,6,6,0,0,3,0,3,0,,,0,0,0.0,0.0,0.0,0.0,0.5,1.0,0.0,0.5,0.0,6,18,0.3333333333333333,6,18,0.3333333333333333,33.33333333333333,Behind The Steel Curtain,Bryan Anthony Davis,04/21/20,https://www.behindthesteelcurtain.com/2020/4/21/21215255/2020-nfl-draft-7-round-steelers-mock-draft-with-trades-free-agent-pick-ups-news-update?utm_source=nflmockdraftdatabase&utm_medium=website&utm_content=read_mock_link,6
/team-mock-drafts/2020/vikings-inside-the-vikings-2020-will-ragatz?date=2020-04-12,11,7,3,0,3,0,3,5,,,0,0,0.0,0.0,0.2727272727272727,0.0,0.2727272727272727,0.6363636363636364,0.0,0.2727272727272727,0.45454545454545453,11,33,0.3333333333333333,11,33,0.3333333333333333,33.33333333333333,Inside The Vikings,Will Ragatz,04/11/20,https://www.si.com/nfl/vikings/news/vikings-seven-round-nfl-mock-draft-with-trades?utm_source=nflmockdraftdatabase&utm_medium=website&utm_content=read_mock_link,11
/team-mock-drafts/2020/raiders-forbes-2020-vincent-frank?date=2020-04-18,10,8,2,1,3,1,3,0,,,0,0,0.0,0.1,0.2,0.0,0.3,0.8,0.1,0.3,0.0,9,30,0.3,9,30,0.3,30.0,Forbes,Vincent Frank,04/18/20,https://www.forbes.com/sites/vincentfrank/2020/04/18/2020-nfl-draft-seven-round-las-vegas-raiders-mock/#2c38bb132403?utm_source=nflmockdraftdatabase&utm_medium=website&utm_content=read_mock_link,10
/team-mock-drafts/2020/rams-ramblin-fan-2020-bret-stuter?date=2020-04-20,10,8,0,0,2,0,3,3,,,0,0,0.0,0.0,0.0,0.0,0.2,0.8,0.0,0.3,0.3,9,30,0.3,9,30,0.3,30.0,Ramblin Fan,Bret Stuter,04/20/20,https://ramblinfan.com/2020/04/20/la-rams-2020-nfl-draft-mock-draft-7-0/4/?utm_source=nflmockdraftdatabase&utm_medium=website&utm_content=read_mock_link,10
/team-mock-drafts/2020/titans-music-city-miracles-2020-mike-b-herndon?date=2020-04-23,8,7,1,3,2,1,1,2,,,0,0,0.0,0.375,0.125,0.0,0.25,0.875,0.125,0.125,0.25,7,24,0.2916666666666667,7,24,0.2916666666666667,29.166666666666668,Music City Miracles,Mike B. Herndon,04/23/20,https://www.musiccitymiracles.com/2020/4/23/21232168/nfl-mock-draft-2020-7-rounds-titans?utm_source=nflmockdraftdatabase&utm_medium=website&utm_content=read_mock_link,8
/team-mock-drafts/2020/jets-the-jet-press-2020-justin-fried?date=2020-04-20,8,8,1,0,5,0,2,3,,,0,0,0.0,0.0,0.125,0.0,0.625,1.0,0.0,0.25,0.375,7,24,0.2916666666666667,7,24,0.2916666666666667,29.166666666666668,The Jet Press,Justin Fried,04/20/20,https://thejetpress.com/2020/04/20/ny-jets-mock-draft-2020-nfl-draft-bolster-biggest-needs/2/?utm_source=nflmockdraftdatabase&utm_medium=website&utm_content=read_mock_link,8
/team-mock-drafts/2020/raiders-nbc-sports-bay-area-2020-scott-bair?date=2020-04-20,7,7,2,2,4,1,1,1,,,0,0,0.0,0.2857142857142857,0.2857142857142857,0.0,0.5714285714285714,1.0,0.14285714285714285,0.14285714285714285,0.14285714285714285,6,21,0.2857142857142857,6,21,0.2857142857142857,28.57142857142857,NBC Sports Bay Area,Scott Bair,04/20/20,https://www.nbcsports.com/bayarea/raiders/raiders-seven-round-nfl-mock-draft-projecting-each-2020-pick?utm_source=nflmockdraftdatabase&utm_medium=website&utm_content=read_mock_link,7
/team-mock-drafts/2020/49ers-niners-nation-2020-kyle-posey?date=2020-04-11,7,7,1,1,2,1,1,1,,,0,0,0.0,0.14285714285714285,0.14285714285714285,0.0,0.2857142857142857,1.0,0.14285714285714285,0.14285714285714285,0.14285714285714285,6,21,0.2857142857142857,6,21,0.2857142857142857,28.57142857142857,Niners Nation,Kyle Posey,04/11/20,https://www.ninersnation.com/2020/4/11/21217218/49ers-seven-round-mock-draft-dt-kinlaw-with-the-first-pick?utm_source=nflmockdraftdatabase&utm_medium=website&utm_content=read_mock_link,7
/team-mock-drafts/2020/bengals-bengals-wire-2020-chris-roling?date=2020-04-20,7,7,1,1,3,1,1,1,,,0,0,0.0,0.14285714285714285,0.14285714285714285,0.0,0.42857142857142855,1.0,0.14285714285714285,0.14285714285714285,0.14285714285714285,6,21,0.2857142857142857,6,21,0.2857142857142857,28.57142857142857,Bengals Wire,Chris Roling,04/20/20,https://bengalswire.usatoday.com/2020/04/20/cincinnati-bengals-7-round-2020-nfl-mock-draft-based-best-player-available-joe-burrow-grant-delpit/?utm_source=nflmockdraftdatabase&utm_medium=website&utm_content=read_mock_link,7
/team-mock-drafts/2020/bengals-cincinnati-com-2020-tyler-dragon?date=2020-04-16,7,6,2,1,2,1,1,1,,,0,0,0.0,0.14285714285714285,0.2857142857142857,0.0,0.2857142857142857,0.8571428571428571,0.14285714285714285,0.14285714285714285,0.14285714285714285,6,21,0.2857142857142857,6,21,0.2857142857142857,28.57142857142857,Cincinnati.com,Tyler Dragon,04/16/20,https://www.cincinnati.com/story/sports/nfl/bengals/2020/04/14/mock-nfl-draft-cincinnati-bengals-picks-first-three-rounds-afc-north-browns-steelers-ravens-burrow/2994699001/?utm_source=nflmockdraftdatabase&utm_medium=website&utm_content=read_mock_link,7
/team-mock-drafts/2020/vikings-fansided-2020-brad-berreman?date=2020-04-11,12,10,0,2,3,0,4,2,,,0,0,0.0,0.16666666666666666,0.0,0.0,0.25,0.8333333333333334,0.0,0.3333333333333333,0.16666666666666666,10,36,0.2777777777777778,10,36,0.2777777777777778,27.77777777777778,Fansided,Brad Berreman,04/11/20,https://fansided.com/2020/04/11/minnesota-vikings-2020-nfl-mock-draft/?utm_source=nflmockdraftdatabase&utm_medium=website&utm_content=read_mock_link,12
/team-mock-drafts/2020/eagles-bleeding-green-nation-2020-brandon-lee-gowton?date=2020-04-22,6,6,1,0,4,0,2,1,,,0,0,0.0,0.0,0.16666666666666666,0.0,0.6666666666666666,1.0,0.0,0.3333333333333333,0.16666666666666666,5,18,0.2777777777777778,5,18,0.2777777777777778,27.77777777777778,Bleeding Green Nation,Brandon Lee Gowton,04/22/20,https://www.bleedinggreennation.com/2020/4/22/21230975/2020-nfl-mock-draft-final-picks-eagles-philadelphia-justin-jefferson-tee-higgins-logan-wilson-blg?utm_source=nflmockdraftdatabase&utm_medium=website&utm_content=read_mock_link,6
/team-mock-drafts/2020/steelers-penn-live-2020-jacob-klinger?date=2020-04-21,6,4,1,0,0,0,2,1,,,0,0,0.0,0.0,0.16666666666666666,0.0,0.0,0.6666666666666666,0.0,0.3333333333333333,0.16666666666666666,5,18,0.2777777777777778,5,18,0.2777777777777778,27.77777777777778,Penn Live,Jacob Klinger,04/21/20,https://www.pennlive.com/steelers/2020/04/steelers-7-rd-nfl-mock-draft-pittsburgh-gets-wr-jalen-hurts-late-on-day-2-and-more.html?utm_source=nflmockdraftdatabase&utm_medium=website&utm_content=read_mock_link,6
/team-mock-drafts/2020/steelers-steel-city-underground-2020-zac-celedonia?date=2020-04-21,6,6,0,0,2,0,2,1,,,0,0,0.0,0.0,0.0,0.0,0.3333333333333333,1.0,0.0,0.3333333333333333,0.16666666666666666,5,18,0.2777777777777778,5,18,0.2777777777777778,27.77777777777778,Steel City Underground,Zac Celedonia,04/20/20,https://www.steelcityunderground.com/2020/04/21/zac-celedonias-2020-7-round-steelers-mock-draft/?utm_source=nflmockdraftdatabase&utm_medium=website&utm_content=read_mock_link,6
/team-mock-drafts/2020/broncos-predominately-orange-2020-sayre-bedinger?date=2020-04-23,9,9,1,2,2,1,1,2,,,0,0,0.0,0.2222222222222222,0.1111111111111111,0.0,0.2222222222222222,1.0,0.1111111111111111,0.1111111111111111,0.2222222222222222,7,27,0.25925925925925924,7,27,0.25925925925925924,25.925925925925924,Predominately Orange,Sayre Bedinger,04/23/20,https://predominantlyorange.com/2020/04/23/final-broncos-mock-draft/2/?utm_source=nflmockdraftdatabase&utm_medium=website&utm_content=read_mock_link,9
/team-mock-drafts/2020/colts-horseshoe-heroes-2020-jacob-schyvinck?date=2020-04-20,9,8,0,1,2,1,1,2,,,0,0,0.0,0.1111111111111111,0.0,0.0,0.2222222222222222,0.8888888888888888,0.1111111111111111,0.1111111111111111,0.2222222222222222,7,27,0.25925925925925924,7,27,0.25925925925925924,25.925925925925924,Horseshoe Heroes,Jacob Schyvinck,04/20/20,https://horseshoeheroes.com/2020/04/20/colts-mock-draft-9-0-final-predictions-draft/2/?utm_source=nflmockdraftdatabase&utm_medium=website&utm_content=read_mock_link,9
/team-mock-drafts/2020/packers-fansided-2020-kevin-parvizi?date=2020-04-10,9,6,0,0,2,0,3,1,,,0,0,0.0,0.0,0.0,0.0,0.2222222222222222,0.6666666666666666,0.0,0.3333333333333333,0.1111111111111111,7,27,0.25925925925925924,7,27,0.25925925925925924,25.925925925925924,Fansided,Kevin Parvizi,04/10/20,https://fansided.com/2020/04/10/green-bay-packers-full-2020-nfl-mock-draft/2/?utm_source=nflmockdraftdatabase&utm_medium=website&utm_content=read_mock_link,9
/team-mock-drafts/2020/cowboys-the-landry-hat-2020-michael-h-vu?date=2020-04-21,4,4,0,1,3,0,0,3,,,0,0,0.0,0.25,0.0,0.0,0.75,1.0,0.0,0.0,0.75,3,12,0.25,3,12,0.25,25.0,The Landry Hat,Michael H. Vu,04/21/20,https://thelandryhat.com/2020/04/21/dallas-cowboys-final-four-mock-draft-3-0/2/?utm_source=nflmockdraftdatabase&utm_medium=website&utm_content=read_mock_link,4
/team-mock-drafts/2020/eagles-fansided-2020-nick-villano?date=2020-04-12,8,7,0,1,2,0,1,4,,,0,0,0.0,0.125,0.0,0.0,0.25,0.875,0.0,0.125,0.5,6,24,0.25,6,24,0.25,25.0,Fansided,Nick Villano,04/12/20,https://fansided.com/2020/04/12/philadelphia-eagles-2020-nfl-mock-draft/?utm_source=nflmockdraftdatabase&utm_medium=website&utm_content=read_mock_link,8
/team-mock-drafts/2020/patriots-mass-live-2020-nick-o-malley?date=2020-04-13,12,8,0,0,1,0,4,1,,,0,0,0.0,0.0,0.0,0.0,0.08333333333333333,0.6666666666666666,0.0,0.3333333333333333,0.08333333333333333,9,36,0.25,9,36,0.25,25.0,Mass Live,Nick O'Malley,04/13/20,https://www.masslive.com/patriots/2020/04/patriots-7-round-mock-draft-how-the-2020-nfl-draft-could-go-with-all-very-belichick-ian-picks.html?utm_source=nflmockdraftdatabase&utm_medium=website&utm_content=read_mock_link,12
/team-mock-drafts/2020/bills-bills-wire-2020-mckenna-middlebrook?date=2020-04-23,7,5,1,1,0,0,1,3,,,0,0,0.0,0.14285714285714285,0.14285714285714285,0.0,0.0,0.7142857142857143,0.0,0.14285714285714285,0.42857142857142855,5,21,0.23809523809523808,5,21,0.23809523809523808,23.809523809523807,Bills Wire,McKenna Middlebrook,04/23/20,https://billswire.usatoday.com/2020/04/23/2020-nfl-draft-mock-draft-buffalo-bills-curtis-weaver-julian-okwara/4/?utm_source=nflmockdraftdatabase&utm_medium=website&utm_content=read_mock_link,7
/team-mock-drafts/2020/bills-bills-wire-2020-nick-wojton?date=2020-04-23,7,6,0,1,0,0,2,1,,,0,0,0.0,0.14285714285714285,0.0,0.0,0.0,0.8571428571428571,0.0,0.2857142857142857,0.14285714285714285,5,21,0.23809523809523808,5,21,0.23809523809523808,23.809523809523807,Bills Wire,Nick Wojton,04/23/20,https://billswire.usatoday.com/2020/04/23/2020-nfl-draft-mock-draft-buffalo-bills-curtis-weaver-julian-okwara/?utm_source=nflmockdraftdatabase&utm_medium=website&utm_content=read_mock_link,7
/team-mock-drafts/2020/bills-bills-wire-2020-justin-diloro?date=2020-04-23,7,7,0,0,3,0,2,1,,,0,0,0.0,0.0,0.0,0.0,0.42857142857142855,1.0,0.0,0.2857142857142857,0.14285714285714285,5,21,0.23809523809523808,5,21,0.23809523809523808,23.809523809523807,Bills Wire,Justin DiLoro,04/23/20,https://billswire.usatoday.com/2020/04/23/2020-nfl-draft-mock-draft-buffalo-bills-curtis-weaver-julian-okwara/2/?utm_source=nflmockdraftdatabase&utm_medium=website&utm_content=read_mock_link,7
/team-mock-drafts/2020/rams-ramblin-fan-2020-noah-schlaebitz?date=2020-04-22,7,5,0,0,3,0,2,1,,,0,0,0.0,0.0,0.0,0.0,0.42857142857142855,0.7142857142857143,0.0,0.2857142857142857,0.14285714285714285,5,21,0.23809523809523808,5,21,0.23809523809523808,23.809523809523807,Ramblin Fan,Noah Schlaebitz,04/21/20,https://ramblinfan.com/2020/04/22/los-angeles-rams-2020-no-trade-mock-draft/2/?utm_source=nflmockdraftdatabase&utm_medium=website&utm_content=read_mock_link,7
/team-mock-drafts/2020/giants-fansided-2020-william-schneiderhan?date=2020-04-11,10,8,1,1,3,1,2,0,,,0,0,0.0,0.1,0.1,0.0,0.3,0.8,0.1,0.2,0.0,7,30,0.23333333333333334,7,30,0.23333333333333334,23.333333333333332,Fansided,William Schneiderhan,04/11/20,https://fansided.com/2020/04/11/new-york-giants-2020-nfl-mock-draft/?utm_source=nflmockdraftdatabase&utm_medium=website&utm_content=read_mock_link,10
/team-mock-drafts/2020/giants-ny-post-2020-paul-schwartz?date=2020-04-21,10,6,2,0,3,0,3,1,,,0,0,0.0,0.0,0.2,0.0,0.3,0.6,0.0,0.3,0.1,7,30,0.23333333333333334,7,30,0.23333333333333334,23.333333333333332,NY Post,Paul Schwartz,04/20/20,https://nypost.com/2020/04/21/giants-nfl-mock-draft-4-0-jedrick-wills-isnt-only-early-hog-molly/?utm_source=nflmockdraftdatabase&utm_medium=website&utm_content=read_mock_link,10
/team-mock-drafts/2020/lions-sidelion-report-2020-fayez-aliahmad?date=2020-04-17,9,9,4,1,4,1,0,3,,,0,0,0.0,0.1111111111111111,0.4444444444444444,0.0,0.4444444444444444,1.0,0.1111111111111111,0.0,0.3333333333333333,6,27,0.2222222222222222,6,27,0.2222222222222222,22.22222222222222,Sidelion Report,Fayez AliAhmad,04/17/20,https://sidelionreport.com/2020/04/17/detroit-lions-2020-nfl-draft-mock-two-trades/?utm_source=nflmockdraftdatabase&utm_medium=website&utm_content=read_mock_link,9
/team-mock-drafts/2020/ravens-ebony-bird-2020-mike-reid?date=2020-04-21,9,9,1,1,4,0,1,4,,,0,0,0.0,0.1111111111111111,0.1111111111111111,0.0,0.4444444444444444,1.0,0.0,0.1111111111111111,0.4444444444444444,6,27,0.2222222222222222,6,27,0.2222222222222222,22.22222222222222,Ebony Bird,Mike Reid,04/21/20,https://ebonybird.com/2020/04/21/mike-reid-seven-round-ravens-mock-draft/?utm_source=nflmockdraftdatabase&utm_medium=website&utm_content=read_mock_link,9
/team-mock-drafts/2020/cardinals-nfl-mocks-2020-dan-schmelzer?date=2020-04-19,6,6,1,0,3,0,2,0,,,0,0,0.0,0.0,0.16666666666666666,0.0,0.5,1.0,0.0,0.3333333333333333,0.0,4,18,0.2222222222222222,4,18,0.2222222222222222,22.22222222222222,NFL Mocks,Dan Schmelzer,04/19/20,https://nflmocks.com/2020/04/19/2020-nfl-mock-draft-arizona-cardinals/2/?utm_source=nflmockdraftdatabase&utm_medium=website&utm_content=read_mock_link,6
/team-mock-drafts/2020/steelers-steel-city-underground-2020-zach-metkler?date=2020-04-22,6,4,0,0,2,0,1,2,,,0,0,0.0,0.0,0.0,0.0,0.3333333333333333,0.6666666666666666,0.0,0.16666666666666666,0.3333333333333333,4,18,0.2222222222222222,4,18,0.2222222222222222,22.22222222222222,Steel City Underground,Zach Metkler,04/21/20,https://www.steelcityunderground.com/2020/04/22/zach-metklers-2020-steelers-mock-draft/?utm_source=nflmockdraftdatabase&utm_medium=website&utm_content=read_mock_link,6
/team-mock-drafts/2020/dolphins-nfl-mocks-2020-jacob-schyvinck?date=2020-04-17,14,10,3,1,4,1,1,4,,,0,0,0.0,0.07142857142857142,0.21428571428571427,0.0,0.2857142857142857,0.7142857142857143,0.07142857142857142,0.07142857142857142,0.2857142857142857,9,42,0.21428571428571427,9,42,0.21428571428571427,21.428571428571427,NFL Mocks,Jacob Schyvinck,04/17/20,https://nflmocks.com/2020/04/17/miami-dolphins-mock-draft-trading/2/?utm_source=nflmockdraftdatabase&utm_medium=website&utm_content=read_mock_link,14
/team-mock-drafts/2020/panthers-charlotte-observer-2020-alaina-getzenberg?date=2020-04-21,8,8,1,1,5,1,1,0,,,0,0,0.0,0.125,0.125,0.0,0.625,1.0,0.125,0.125,0.0,5,24,0.20833333333333334,5,24,0.20833333333333334,20.833333333333336,Charlotte Observer,Alaina Getzenberg,04/21/20,https://www.charlotteobserver.com/sports/nfl/carolina-panthers/article242149056.html?utm_source=nflmockdraftdatabase&utm_medium=website&utm_content=read_mock_link,8
/team-mock-drafts/2020/panthers-panthers-wire-2020-anthony-rizzuti?date=2020-04-18,8,8,2,1,3,0,2,1,,,0,0,0.0,0.125,0.25,0.0,0.375,1.0,0.0,0.25,0.125,5,24,0.20833333333333334,5,24,0.20833333333333334,20.833333333333336,Panthers Wire,Anthony Rizzuti,04/18/20,https://pantherswire.usatoday.com/2020/04/18/2020-nfl-draft-panthers-dueling-mock-drafts/?utm_source=nflmockdraftdatabase&utm_medium=website&utm_content=read_mock_link,8
/team-mock-drafts/2020/raiders-just-blog-baby-2020-brayden-arnold?date=2020-04-12,8,7,2,1,3,0,2,1,,,0,0,0.0,0.125,0.25,0.0,0.375,0.875,0.0,0.25,0.125,5,24,0.20833333333333334,5,24,0.20833333333333334,20.833333333333336,Just Blog Baby,Brayden Arnold,04/12/20,https://justblogbaby.com/2020/04/12/raiders-mock-draft-trade-2020/2/?utm_source=nflmockdraftdatabase&utm_medium=website&utm_content=read_mock_link,8
/team-mock-drafts/2020/bears-windy-city-gridiron-2020-jacob-infante?date=2020-04-23,8,4,0,0,2,0,1,3,,,0,0,0.0,0.0,0.0,0.0,0.25,0.5,0.0,0.125,0.375,5,24,0.20833333333333334,5,24,0.20833333333333334,20.833333333333336,Windy City Gridiron,Jacob Infante,04/23/20,https://www.windycitygridiron.com/2020/4/23/21227106/chicago-bears-2020-nfl-mock-draft-last-minute-predictions-7-rounds-grant-delpit-laviska-shenault?utm_source=nflmockdraftdatabase&utm_medium=website&utm_content=read_mock_link,8
/team-mock-drafts/2020/lions-lions-maven-2020-dakota-brecht?date=2020-04-15,10,10,1,1,3,1,1,1,,,0,0,0.0,0.1,0.1,0.0,0.3,1.0,0.1,0.1,0.1,6,30,0.2,6,30,0.2,20.0,Lions Maven,Dakota Brecht,04/14/20,https://www.si.com/nfl/lions/news/detroit-lions-7-round-mock-draft?utm_source=nflmockdraftdatabase&utm_medium=website&utm_content=read_mock_link,10
/team-mock-drafts/2020/titans-titan-sized-2020-bryce-lazenby?date=2020-04-10,7,6,0,2,2,1,0,1,,,0,0,0.0,0.2857142857142857,0.0,0.0,0.2857142857142857,0.8571428571428571,0.14285714285714285,0.0,0.14285714285714285,4,21,0.19047619047619047,4,21,0.19047619047619047,19.047619047619047,Titan Sized,Bryce Lazenby,04/10/20,https://titansized.com/2020/04/10/tennessee-titans-full-7-round-mock-draft-2020/2/?utm_source=nflmockdraftdatabase&utm_medium=website&utm_content=read_mock_link,7
/team-mock-drafts/2020/49ers-niners-wire-2020-kyle-madson?date=2020-04-23,7,6,1,1,3,1,0,1,,,0,0,0.0,0.14285714285714285,0.14285714285714285,0.0,0.42857142857142855,0.8571428571428571,0.14285714285714285,0.0,0.14285714285714285,4,21,0.19047619047619047,4,21,0.19047619047619047,19.047619047619047,Niners Wire,Kyle Madson,04/22/20,https://ninerswire.usatoday.com/2020/04/22/49ers-7-round-mock-nfl-draft-trades/2/?utm_source=nflmockdraftdatabase&utm_medium=website&utm_content=read_mock_link,7
/team-mock-drafts/2020/bills-buffalo-news-2020-jay-skurski?date=2020-04-10,7,6,0,1,3,0,0,4,,,0,0,0.0,0.14285714285714285,0.0,0.0,0.42857142857142855,0.8571428571428571,0.0,0.0,0.5714285714285714,4,21,0.19047619047619047,4,21,0.19047619047619047,19.047619047619047,Buffalo News,Jay Skurski,04/10/20,https://buffalonews.com/2020/04/10/buffalo-bills-seven-round-mock-draft-devin-singletary-nfl-brandon-beane-jk-dobbins-jay-skurski-analysis-news-2020/?utm_source=nflmockdraftdatabase&utm_medium=website&utm_content=read_mock_link,7
/team-mock-drafts/2020/49ers-nbc-sports-bay-area-2020-matt-maiocco?date=2020-04-22,7,4,1,0,1,0,2,0,,,0,0,0.0,0.0,0.14285714285714285,0.0,0.14285714285714285,0.5714285714285714,0.0,0.2857142857142857,0.0,4,21,0.19047619047619047,4,21,0.19047619047619047,19.047619047619047,NBC Sports Bay Area,Matt Maiocco,04/22/20,https://www.nbcsports.com/bayarea/49ers/2020-nfl-mock-draft-how-49ers-can-fill-needs-without-trades-picks?utm_source=nflmockdraftdatabase&utm_medium=website&utm_content=read_mock_link,7
/team-mock-drafts/2020/eagles-nbc-sports-philadelphia-2020-andrew-kulp?date=2020-04-10,7,6,0,0,3,0,1,2,,,0,0,0.0,0.0,0.0,0.0,0.42857142857142855,0.8571428571428571,0.0,0.14285714285714285,0.2857142857142857,4,21,0.19047619047619047,4,21,0.19047619047619047,19.047619047619047,NBC Sports Philadelphia,Andrew Kulp,04/10/20,https://www.nbcsports.com/philadelphia/eagles/2020-nfl-mock-draft-eagles-grant-delpit-eagles-only-mock-draft?utm_source=nflmockdraftdatabase&utm_medium=website&utm_content=read_mock_link,7
/team-mock-drafts/2020/rams-fansided-2020-brad-berreman?date=2020-04-12,7,5,0,0,4,0,1,2,,,0,0,0.0,0.0,0.0,0.0,0.5714285714285714,0.7142857142857143,0.0,0.14285714285714285,0.2857142857142857,4,21,0.19047619047619047,4,21,0.19047619047619047,19.047619047619047,Fansided,Brad Berreman,04/12/20,https://fansided.com/2020/04/12/los-angeles-rams-2020-nfl-mock-draft/2/?utm_source=nflmockdraftdatabase&utm_medium=website&utm_content=read_mock_link,7
/team-mock-drafts/2020/titans-titan-sized-2020-shaun-calderon?date=2020-04-22,7,5,1,0,1,0,1,2,,,0,0,0.0,0.0,0.14285714285714285,0.0,0.14285714285714285,0.7142857142857143,0.0,0.14285714285714285,0.2857142857142857,4,21,0.19047619047619047,4,21,0.19047619047619047,19.047619047619047,Titan Sized,Shaun Calderon,04/22/20,https://titansized.com/2020/04/22/tennessee-titans-shaun-calderons-ideal-7-round-mock-draft/2/?utm_source=nflmockdraftdatabase&utm_medium=website&utm_content=read_mock_link,7
/team-mock-drafts/2020/titans-titan-sized-2020-will-lomas?date=2020-04-21,7,6,2,0,2,0,1,2,,,0,0,0.0,0.0,0.2857142857142857,0.0,0.2857142857142857,0.8571428571428571,0.0,0.14285714285714285,0.2857142857142857,4,21,0.19047619047619047,4,21,0.19047619047619047,19.047619047619047,Titan Sized,Will Lomas,04/21/20,https://titansized.com/2020/04/21/tennessee-titans-realistic-7-round-2020-nfl-mock-draft/3/?utm_source=nflmockdraftdatabase&utm_medium=website&utm_content=read_mock_link,7
/team-mock-drafts/2020/ravens-nfl-mocks-2020-nicholas-price?date=2020-04-10,9,7,1,0,2,0,1,3,,,0,0,0.0,0.0,0.1111111111111111,0.0,0.2222222222222222,0.7777777777777778,0.0,0.1111111111111111,0.3333333333333333,5,27,0.18518518518518517,5,27,0.18518518518518517,18.51851851851852,NFL Mocks,Nicholas Price,04/10/20,https://nflmocks.com/2020/04/10/mock-draft-baltimore-ravens/2/?utm_source=nflmockdraftdatabase&utm_medium=website&utm_content=read_mock_link,9
/team-mock-drafts/2020/seahawks-seahawks-wire-2020-andy-patton?date=2020-04-12,9,7,0,0,4,0,0,5,,,0,0,0.0,0.0,0.0,0.0,0.4444444444444444,0.7777777777777778,0.0,0.0,0.5555555555555556,5,27,0.18518518518518517,5,27,0.18518518518518517,18.51851851851852,Seahawks Wire,Andy Patton,04/12/20,https://seahawkswire.usatoday.com/2020/04/12/seahawks-wire-mock-3-0-predicting-seattles-picks-in-2020-nfl-draft/2/?utm_source=nflmockdraftdatabase&utm_medium=website&utm_content=read_mock_link,9
/team-mock-drafts/2020/titans-titan-sized-2020-brady-akins?date=2020-04-23,4,4,0,1,0,0,0,2,,,0,0,0.0,0.25,0.0,0.0,0.0,1.0,0.0,0.0,0.5,2,12,0.16666666666666666,2,12,0.16666666666666666,16.666666666666664,Titan Sized,Brady Akins,04/23/20,https://titansized.com/2020/04/23/2020-nfl-draft-last-second-tennessee-titans-7-round-mock-draft/2/?utm_source=nflmockdraftdatabase&utm_medium=website&utm_content=read_mock_link,4
/team-mock-drafts/2020/chargers-bolt-beat-2020-jason-reed?date=2020-04-11,6,5,2,1,5,1,0,0,,,0,0,0.0,0.16666666666666666,0.3333333333333333,0.0,0.8333333333333334,0.8333333333333334,0.16666666666666666,0.0,0.0,3,18,0.16666666666666666,3,18,0.16666666666666666,16.666666666666664,Bolt Beat,Jason Reed,04/11/20,https://boltbeat.com/2020/04/11/la-chargers-mock-draft-offense/?utm_source=nflmockdraftdatabase&utm_medium=website&utm_content=read_mock_link,6
/team-mock-drafts/2020/cowboys-cowboy-maven-2020-matthew-postins?date=2020-04-17,6,5,1,1,3,1,0,0,,,0,0,0.0,0.16666666666666666,0.16666666666666666,0.0,0.5,0.8333333333333334,0.16666666666666666,0.0,0.0,3,18,0.16666666666666666,3,18,0.16666666666666666,16.666666666666664,Cowboy Maven,Matthew Postins,04/16/20,https://www.si.com/nfl/cowboys/news/cowboys-nfl-mock-draft-choose-your-own-adventure?utm_source=nflmockdraftdatabase&utm_medium=website&utm_content=read_mock_link,6
/team-mock-drafts/2020/falcons-fansided-2020-john-buhler?date=2020-04-13,6,5,1,1,3,1,0,0,,,0,0,0.0,0.16666666666666666,0.16666666666666666,0.0,0.5,0.8333333333333334,0.16666666666666666,0.0,0.0,3,18,0.16666666666666666,3,18,0.16666666666666666,16.666666666666664,Fansided,John Buhler,04/13/20,https://fansided.com/2020/04/13/atlanta-falcons-2020-nfl-mock-draft/?utm_source=nflmockdraftdatabase&utm_medium=website&utm_content=read_mock_link,6
/team-mock-drafts/2020/jaguars-big-cat-country-2020-demetrius-harvey?date=2020-04-22,12,10,3,1,4,0,1,4,,,0,0,0.0,0.08333333333333333,0.25,0.0,0.3333333333333333,0.8333333333333334,0.0,0.08333333333333333,0.3333333333333333,6,36,0.16666666666666666,6,36,0.16666666666666666,16.666666666666664,Big Cat Country,Demetrius Harvey,04/22/20,https://www.bigcatcountry.com/2020/4/22/21219654/2020-nfl-draft-final-jaguars-7-round-mock-draft?utm_source=nflmockdraftdatabase&utm_medium=website&utm_content=read_mock_link,12
/team-mock-drafts/2020/falcons-nfl-mocks-2020-david-glancy?date=2020-04-16,6,5,1,0,2,0,1,1,,,0,0,0.0,0.0,0.16666666666666666,0.0,0.3333333333333333,0.8333333333333334,0.0,0.16666666666666666,0.16666666666666666,3,18,0.16666666666666666,3,18,0.16666666666666666,16.666666666666664,NFL Mocks,David Glancy,04/16/20,https://nflmocks.com/2020/04/16/atlanta-falcons-mock-draft-focus-defense/2/?utm_source=nflmockdraftdatabase&utm_medium=website&utm_content=read_mock_link,6
/team-mock-drafts/2020/falcons-the-falcoholic-2020-kevin-knight?date=2020-04-23,6,5,1,0,1,0,1,1,,,0,0,0.0,0.0,0.16666666666666666,0.0,0.16666666666666666,0.8333333333333334,0.0,0.16666666666666666,0.16666666666666666,3,18,0.16666666666666666,3,18,0.16666666666666666,16.666666666666664,The Falcoholic,Kevin Knight,04/23/20,https://www.thefalcoholic.com/2020/4/23/21230093/falcons-7-round-mock-draft-final-countdown-edition-nfl-2020-isaiah-simmons-justin-madubuike?utm_source=nflmockdraftdatabase&utm_medium=website&utm_content=read_mock_link,6
/team-mock-drafts/2020/giants-sny-2020-ralph-vacchiano?date=2020-04-22,10,8,2,0,2,0,2,1,,,0,0,0.0,0.0,0.2,0.0,0.2,0.8,0.0,0.2,0.1,5,30,0.16666666666666666,5,30,0.16666666666666666,16.666666666666664,SNY,Ralph Vacchiano,04/22/20,https://www.sny.tv/giants/news/giants-seven-round-2020-nfl-mock-draft-the-final-picks-are-in/313316896?utm_source=nflmockdraftdatabase&utm_medium=website&utm_content=read_mock_link,10
/team-mock-drafts/2020/packers-packer-report-2020-ross-uglem?date=2020-04-20,10,7,1,0,3,0,1,3,,,0,0,0.0,0.0,0.1,0.0,0.3,0.7,0.0,0.1,0.3,5,30,0.16666666666666666,5,30,0.16666666666666666,16.666666666666664,Packer Report,Ross Uglem,04/20/20,https://247sports.com/nfl/green-bay-packers/ContentGallery/Packers-Mock-Draft-Monday-14-Green-Bay-Packers-NFL-Draft-146266392/#146266392_1?utm_source=nflmockdraftdatabase&utm_medium=website&utm_content=read_mock_link,10
/team-mock-drafts/2020/steelers-still-curtain-2020-tommy-jaggi?date=2020-04-18,6,5,0,0,0,0,1,1,,,0,0,0.0,0.0,0.0,0.0,0.0,0.8333333333333334,0.0,0.16666666666666666,0.16666666666666666,3,18,0.16666666666666666,3,18,0.16666666666666666,16.666666666666664,Still Curtain,Tommy Jaggi,04/18/20,https://stillcurtain.com/2020/04/18/steelers-mock-draft-pittsburgh-2020-nfl/?utm_source=nflmockdraftdatabase&utm_medium=website&utm_content=read_mock_link,6
/team-mock-drafts/2020/chargers-fansided-2020-conor-dorney?date=2020-04-11,7,5,1,1,2,0,1,1,,,0,0,0.0,0.14285714285714285,0.14285714285714285,0.0,0.2857142857142857,0.7142857142857143,0.0,0.14285714285714285,0.14285714285714285,3,21,0.14285714285714285,3,21,0.14285714285714285,14.285714285714285,Fansided,Conor Dorney,04/11/20,https://fansided.com/2020/04/11/los-angeles-chargers-nfl-mock-draft-picks-2020/?utm_source=nflmockdraftdatabase&utm_medium=website&utm_content=read_mock_link,7
/team-mock-drafts/2020/seahawks-fansided-2020-john-buhler?date=2020-04-13,7,6,1,1,3,0,1,1,,,0,0,0.0,0.14285714285714285,0.14285714285714285,0.0,0.42857142857142855,0.8571428571428571,0.0,0.14285714285714285,0.14285714285714285,3,21,0.14285714285714285,3,21,0.14285714285714285,14.285714285714285,Fansided,John Buhler,04/13/20,https://fansided.com/2020/04/13/seattle-seahawks-2020-nfl-mock-draft/?utm_source=nflmockdraftdatabase&utm_medium=website&utm_content=read_mock_link,7
/team-mock-drafts/2020/bears-overtime-heroics-2020-brad-pound?date=2020-04-22,7,6,1,0,1,0,1,1,,,0,0,0.0,0.0,0.14285714285714285,0.0,0.14285714285714285,0.8571428571428571,0.0,0.14285714285714285,0.14285714285714285,3,21,0.14285714285714285,3,21,0.14285714285714285,14.285714285714285,Overtime Heroics,Brad Pound,04/22/20,https://www.overtimeheroics.net/index.php/2020/04/23/overtime-heroics-staff-bears-mock-draft/?utm_source=nflmockdraftdatabase&utm_medium=website&utm_content=read_mock_link,7
/team-mock-drafts/2020/browns-sb-nation-2020-christian-d-andrea?date=2020-04-10,7,4,1,0,2,0,1,1,,,0,0,0.0,0.0,0.14285714285714285,0.0,0.2857142857142857,0.5714285714285714,0.0,0.14285714285714285,0.14285714285714285,3,21,0.14285714285714285,3,21,0.14285714285714285,14.285714285714285,SB Nation,Christian D'Andrea,04/10/20,https://www.sbnation.com/nfl/2020/4/10/21214915/cleveland-browns-nfl-mock-draft-2020-last-name?utm_source=nflmockdraftdatabase&utm_medium=website&utm_content=read_mock_link,7
/team-mock-drafts/2020/buccaneers-bucs-maven-2020-luke-easterling?date=2020-04-23,7,7,2,0,4,0,1,1,,,0,0,0.0,0.0,0.2857142857142857,0.0,0.5714285714285714,1.0,0.0,0.14285714285714285,0.14285714285714285,3,21,0.14285714285714285,3,21,0.14285714285714285,14.285714285714285,Bucs Maven,Luke Easterling,04/22/20,https://www.si.com/nfl/buccaneers/news/nfl-mock-draft-7-rounds-bucs-final-2020?utm_source=nflmockdraftdatabase&utm_medium=website&utm_content=read_mock_link,7
/team-mock-drafts/2020/cowboys-last-word-on-pro-football-2020-david-latham?date=2020-04-15,7,7,1,0,1,0,0,3,,,0,0,0.0,0.0,0.14285714285714285,0.0,0.14285714285714285,1.0,0.0,0.0,0.42857142857142855,3,21,0.14285714285714285,3,21,0.14285714285714285,14.285714285714285,Last Word on Pro Football,David Latham,04/15/20,https://lastwordonsports.com/nfl/2020/04/15/dallas-cowboys-seven-round-mock-draft-2-0/?utm_source=nflmockdraftdatabase&utm_medium=website&utm_content=read_mock_link,7
/team-mock-drafts/2020/titans-titans-wire-2020-crissy-froyd?date=2020-04-15,5,3,0,1,1,0,0,2,,,0,0,0.0,0.2,0.0,0.0,0.2,0.6,0.0,0.0,0.4,2,15,0.13333333333333333,2,15,0.13333333333333333,13.333333333333334,Titans Wire,Crissy Froyd,04/15/20,https://titanswire.usatoday.com/2020/04/15/tennessee-titans-seven-round-mock-2020-nfl-draft-cb-qb/?utm_source=nflmockdraftdatabase&utm_medium=website&utm_content=read_mock_link,5
/team-mock-drafts/2020/49ers-forbes-2020-vincent-frank?date=2020-04-19,10,8,2,0,2,0,2,0,,,0,0,0.0,0.0,0.2,0.0,0.2,0.8,0.0,0.2,0.0,4,30,0.13333333333333333,4,30,0.13333333333333333,13.333333333333334,Forbes,Vincent Frank,04/19/20,https://www.forbes.com/sites/vincentfrank/2020/04/19/2020-nfl-draft-seven-round-san-francisco-49ers-mock/#4d88ed673419?utm_source=nflmockdraftdatabase&utm_medium=website&utm_content=read_mock_link,10
/team-mock-drafts/2020/saints-fansided-2020-kevin-parvizi?date=2020-04-10,5,2,1,0,0,0,1,0,,,0,0,0.0,0.0,0.2,0.0,0.0,0.4,0.0,0.2,0.0,2,15,0.13333333333333333,2,15,0.13333333333333333,13.333333333333334,Fansided,Kevin Parvizi,04/10/20,https://fansided.com/2020/04/10/new-orleans-saints-full-2020-mock-draft/?utm_source=nflmockdraftdatabase&utm_medium=website&utm_content=read_mock_link,5
/team-mock-drafts/2020/patriots-nfl-mocks-2020-dan-schmelzer?date=2020-04-17,11,10,0,1,4,0,2,0,,,0,0,0.0,0.09090909090909091,0.0,0.0,0.36363636363636365,0.9090909090909091,0.0,0.18181818181818182,0.0,4,33,0.12121212121212122,4,33,0.12121212121212122,12.121212121212121,NFL Mocks,Dan Schmelzer,04/17/20,https://nflmocks.com/2020/04/17/new-england-patriots-mock-draft/2/?utm_source=nflmockdraftdatabase&utm_medium=website&utm_content=read_mock_link,11
/team-mock-drafts/2020/giants-big-blue-view-2020-joe-deleone?date=2020-04-18,6,6,1,0,4,0,0,2,,,0,0,0.0,0.0,0.16666666666666666,0.0,0.6666666666666666,1.0,0.0,0.0,0.3333333333333333,2,18,0.1111111111111111,2,18,0.1111111111111111,11.11111111111111,Big Blue View,Joe DeLeone,04/18/20,https://www.bigblueview.com/2020/4/18/21219102/ny-giants-7-round-nfl-mock-draft-isaiah-simmons-josh-jones?utm_source=nflmockdraftdatabase&utm_medium=website&utm_content=read_mock_link,6
/team-mock-drafts/2020/packers-nfl-mocks-2020-dillon-appleman?date=2020-04-22,9,7,1,0,4,0,1,1,,,0,0,0.0,0.0,0.1111111111111111,0.0,0.4444444444444444,0.7777777777777778,0.0,0.1111111111111111,0.1111111111111111,3,27,0.1111111111111111,3,27,0.1111111111111111,11.11111111111111,NFL Mocks,Dillon Appleman,04/22/20,https://nflmocks.com/2020/04/22/green-bay-packers-7-round-2020-nfl-mock-draft/?utm_source=nflmockdraftdatabase&utm_medium=website&utm_content=read_mock_link,9
/team-mock-drafts/2020/49ers-nfl-mocks-2020-jacob-schyvinck?date=2020-04-16,7,5,1,0,1,0,0,2,,,0,0,0.0,0.0,0.14285714285714285,0.0,0.14285714285714285,0.7142857142857143,0.0,0.0,0.2857142857142857,2,21,0.09523809523809523,2,21,0.09523809523809523,9.523809523809524,NFL Mocks,Jacob Schyvinck,04/16/20,https://nflmocks.com/2020/04/16/san-francisco-49ers-mock-offensive-line/2/?utm_source=nflmockdraftdatabase&utm_medium=website&utm_content=read_mock_link,7
/team-mock-drafts/2020/bears-overtime-heroics-2020-sam-stevenson?date=2020-04-22,7,5,0,0,2,0,1,0,,,0,0,0.0,0.0,0.0,0.0,0.2857142857142857,0.7142857142857143,0.0,0.14285714285714285,0.0,2,21,0.09523809523809523,2,21,0.09523809523809523,9.523809523809524,Overtime Heroics,Sam Stevenson,04/22/20,https://www.overtimeheroics.net/index.php/2020/04/23/overtime-heroics-staff-bears-mock-draft/?utm_source=nflmockdraftdatabase&utm_medium=website&utm_content=read_mock_link,7
/team-mock-drafts/2020/bills-bills-wire-2020-matt-johnson?date=2020-04-23,7,5,0,0,3,0,0,2,,,0,0,0.0,0.0,0.0,0.0,0.42857142857142855,0.7142857142857143,0.0,0.0,0.2857142857142857,2,21,0.09523809523809523,2,21,0.09523809523809523,9.523809523809524,Bills Wire,Matt Johnson,04/23/20,https://billswire.usatoday.com/2020/04/23/2020-nfl-draft-mock-draft-buffalo-bills-curtis-weaver-julian-okwara/6/?utm_source=nflmockdraftdatabase&utm_medium=website&utm_content=read_mock_link,7
/team-mock-drafts/2020/cowboys-nfl-mocks-2020-tyler-kirk?date=2020-04-19,7,6,1,0,3,0,0,2,,,0,0,0.0,0.0,0.14285714285714285,0.0,0.42857142857142855,0.8571428571428571,0.0,0.0,0.2857142857142857,2,21,0.09523809523809523,2,21,0.09523809523809523,9.523809523809524,NFL Mocks,Tyler Kirk,04/19/20,https://nflmocks.com/2020/04/19/dallas-cowboys-mock-defensive-help/2/?utm_source=nflmockdraftdatabase&utm_medium=website&utm_content=read_mock_link,7
/team-mock-drafts/2020/rams-ramblin-fan-2020-larry-blake?date=2020-04-10,7,7,3,0,1,0,1,0,,,0,0,0.0,0.0,0.42857142857142855,0.0,0.14285714285714285,1.0,0.0,0.14285714285714285,0.0,2,21,0.09523809523809523,2,21,0.09523809523809523,9.523809523809524,Ramblin Fan,Larry Blake,04/10/20,https://ramblinfan.com/2020/04/10/la-rams-2020-nfl-draft-post-cooks-trade-mock-draft-7-1/2/?utm_source=nflmockdraftdatabase&utm_medium=website&utm_content=read_mock_link,7
/team-mock-drafts/2020/eagles-eagles-wire-2020-jeremy-klump?date=2020-04-19,8,8,1,0,2,0,0,2,,,0,0,0.0,0.0,0.125,0.0,0.25,1.0,0.0,0.0,0.25,2,24,0.08333333333333333,2,24,0.08333333333333333,8.333333333333332,Eagles Wire,Jeremy Klump,04/19/20,https://theeagleswire.usatoday.com/2020/04/19/eagles-nfl-draft-2020-seven-round-mock/?utm_source=nflmockdraftdatabase&utm_medium=website&utm_content=read_mock_link,8
/team-mock-drafts/2020/49ers-niner-noise-2020-robert-smith?date=2020-04-18,5,5,0,0,1,0,0,1,,,0,0,0.0,0.0,0.0,0.0,0.2,1.0,0.0,0.0,0.2,1,15,0.06666666666666667,1,15,0.06666666666666667,6.666666666666667,Niner Noise,Robert Smith,04/18/20,https://ninernoise.com/2020/04/18/49ers-filling-2020-nfl-draft-needs-late-round-prospects/2/?utm_source=nflmockdraftdatabase&utm_medium=website&utm_content=read_mock_link,5
/team-mock-drafts/2020/chiefs-chiefs-wire-2020-charles-goldman?date=2020-04-23,5,5,1,0,1,0,0,1,,,0,0,0.0,0.0,0.2,0.0,0.2,1.0,0.0,0.0,0.2,1,15,0.06666666666666667,1,15,0.06666666666666667,6.666666666666667,Chiefs Wire,Charles Goldman,04/23/20,https://chiefswire.usatoday.com/2020/04/23/kansas-city-chiefs-2020-nfl-mock-draft-final-projections/?utm_source=nflmockdraftdatabase&utm_medium=website&utm_content=read_mock_link,5
/team-mock-drafts/2020/chiefs-chiefs-wire-2020-talon-graff?date=2020-04-20,5,4,1,0,1,0,0,1,,,0,0,0.0,0.0,0.2,0.0,0.2,0.8,0.0,0.0,0.2,1,15,0.06666666666666667,1,15,0.06666666666666667,6.666666666666667,Chiefs Wire,Talon Graff,04/20/20,https://chiefswire.usatoday.com/2020/04/20/2020-nfl-draft-chiefs-wire-staff-5-round-kansas-city-chiefs-dueling-mock-draft/3/?utm_source=nflmockdraftdatabase&utm_medium=website&utm_content=read_mock_link,5
/team-mock-drafts/2020/chiefs-fansided-2020-conor-dorney?date=2020-04-12,5,5,1,0,1,0,0,1,,,0,0,0.0,0.0,0.2,0.0,0.2,1.0,0.0,0.0,0.2,1,15,0.06666666666666667,1,15,0.06666666666666667,6.666666666666667,Fansided,Conor Dorney,04/12/20,https://fansided.com/2020/04/12/kansas-city-chiefs-nfl-mock-draft-picks-2020/?utm_source=nflmockdraftdatabase&utm_medium=website&utm_content=read_mock_link,5
/team-mock-drafts/2020/cowboys-fansided-2020-mike-phillips?date=2020-04-11,7,5,1,0,1,0,0,1,,,0,0,0.0,0.0,0.14285714285714285,0.0,0.14285714285714285,0.7142857142857143,0.0,0.0,0.14285714285714285,1,21,0.047619047619047616,1,21,0.047619047619047616,4.761904761904762,Fansided,Mike Phillips,04/11/20,https://fansided.com/2020/04/11/dallas-cowboys-2020-nfl-mock-draft/?utm_source=nflmockdraftdatabase&utm_medium=website&utm_content=read_mock_link,7
/team-mock-drafts/2020/cardinals-cards-wire-2020-jess-root?date=2020-04-12,8,7,1,1,1,0,0,1,,,0,0,0.0,0.125,0.125,0.0,0.125,0.875,0.0,0.0,0.125,1,24,0.041666666666666664,1,24,0.041666666666666664,4.166666666666666,Cards Wire,Jess Root,04/12/20,https://cardswire.usatoday.com/2020/04/12/nfl-mock-draft-simulation-arizona-cardinals-trade-2/?utm_source=nflmockdraftdatabase&utm_medium=website&utm_content=read_mock_link,8
/team-mock-drafts/2020/bears-overtime-heroics-2020-joseph-herff?date=2020-04-22,7,4,1,0,1,0,0,0,,,0,0,0.0,0.0,0.14285714285714285,0.0,0.14285714285714285,0.5714285714285714,0.0,0.0,0.0,0,21,0.0,0,21,0.0,0.0,Overtime Heroics,Joseph Herff,04/22/20,https://www.overtimeheroics.net/index.php/2020/04/23/overtime-heroics-staff-bears-mock-draft/?utm_source=nflmockdraftdatabase&utm_medium=website&utm_content=read_mock_link,7
/team-mock-drafts/2020/bills-bills-wire-2020-kyle-silagyi?date=2020-04-23,7,5,0,0,1,0,0,0,,,0,0,0.0,0.0,0.0,0.0,0.14285714285714285,0.7142857142857143,0.0,0.0,0.0,0,21,0.0,0,21,0.0,0.0,Bills Wire,Kyle Silagyi,04/23/20,https://billswire.usatoday.com/2020/04/23/2020-nfl-draft-mock-draft-buffalo-bills-curtis-weaver-julian-okwara/3/?utm_source=nflmockdraftdatabase&utm_medium=website&utm_content=read_mock_link,7
/team-mock-drafts/2020/packers-lombardi-ave-2020-freddie-boston?date=2020-04-10,3,3,1,0,2,0,0,0,,,0,0,0.0,0.0,0.3333333333333333,0.0,0.6666666666666666,1.0,0.0,0.0,0.0,0,9,0.0,0,9,0.0,0.0,Lombardi Ave,Freddie Boston,04/10/20,https://lombardiave.com/2020/04/10/packers-three-round-mock-draft-big-trades/2/?utm_source=nflmockdraftdatabase&utm_medium=website&utm_content=read_mock_link,3
/team-mock-drafts/2020/saints-nfl-mocks-2020-james-costanz?date=2020-04-23,5,4,1,0,2,0,0,0,,,0,0,0.0,0.0,0.2,0.0,0.4,0.8,0.0,0.0,0.0,0,15,0.0,0,15,0.0,0.0,NFL Mocks,James Costanz,04/23/20,https://nflmocks.com/2020/04/23/new-orleans-saints-final-2020-mock/2/?utm_source=nflmockdraftdatabase&utm_medium=website&utm_content=read_mock_link,5
/team-mock-drafts/2020/saints-saints-wire-2020-john-sigler?date=2020-04-16,5,5,1,0,3,0,0,0,,,0,0,0.0,0.0,0.2,0.0,0.6,1.0,0.0,0.0,0.0,0,15,0.0,0,15,0.0,0.0,Saints Wire,John Sigler,04/16/20,https://saintswire.usatoday.com/gallery/7-round-2020-mock-draft-trades-ceedee-lamb-saints/?utm_source=nflmockdraftdatabase&utm_medium=website&utm_content=read_mock_link,5
