player_name,player_position,mock_count,unique_mocks,unique_authors,avg_round,median_round,min_round,max_round,avg_pick,median_pick,min_pick,max_pick,team_count,most_common_team,most_common_team_slug
Fernando Mendoza,QB,199,194,187,1.0,1.0,1,1,1.015075376884422,1.0,1,3,3,Las Vegas Raiders,las-vegas-raiders
Jeremiyah Love,RB,199,194,187,1.0,1.0,1,1,5.50251256281407,4.0,1,18,13,Tennessee Titans,tennessee-titans
Sonny Styles,LB,199,192,185,1.0,1.0,1,1,6.4623115577889445,5.0,2,20,14,New York Giants,new-york-giants
Caleb Downs,S,198,193,186,1.0,1.0,1,1,8.702020202020202,9.0,1,18,14,Cincinnati Bengals,cincinnati-bengals
Arvell Reese,LB,197,192,185,1.0,1.0,1,1,2.6751269035532994,2.0,2,12,12,New York Jets,new-york-jets
David Bailey,EDGE,197,192,185,1.0,1.0,1,1,4.4213197969543145,3.0,2,15,13,Arizona Cardinals,arizona-cardinals
Carnell Tate,WR,197,192,185,1.0,1.0,1,1,6.9847715736040605,6.0,2,16,13,Cleveland Browns,cleveland-browns
Rueben Bain,EDGE,197,192,185,1.0,1.0,1,1,7.720812182741117,8.0,2,14,14,Kansas City Chiefs,kansas-city-chiefs
Francis Mauigoa,OT,196,191,184,1.0,1.0,1,1,7.494897959183674,6.0,2,27,19,Arizona Cardinals,arizona-cardinals
Mansoor Delane,CB,192,187,181,1.0,1.0,1,1,9.734375,9.0,5,29,12,Kansas City Chiefs,kansas-city-chiefs
Makai Lemon,WR,192,185,180,1.0,1.0,1,1,13.411458333333334,13.0,4,29,16,Los Angeles Rams,los-angeles-rams
Monroe Freeling,OT,191,184,177,1.0,1.0,1,1,14.015706806282722,14.0,4,27,17,Cleveland Browns,cleveland-browns
Jermod McCoy,CB,189,184,178,1.0,1.0,1,1,14.497354497354497,12.0,5,32,20,Dallas Cowboys,dallas-cowboys
Olaivavega Ioane,IOL,189,182,176,1.0,1.0,1,1,16.455026455026456,14.0,4,26,17,Baltimore Ravens,baltimore-ravens
Jordyn Tyson,WR,189,184,178,1.0,1.0,1,1,15.555555555555555,16.0,5,29,19,New York Jets,new-york-jets
Spencer Fano,OT,188,183,177,1.0,1.0,1,1,13.138297872340425,13.0,3,24,20,Detroit Lions,detroit-lions
Kenyon Sadiq,TE,187,182,176,1.0,1.0,1,1,17.79144385026738,18.0,8,31,19,Carolina Panthers,carolina-panthers
Dillon Thieneman,S,183,178,172,1.0,1.0,1,1,18.098360655737704,18.0,9,32,14,Minnesota Vikings,minnesota-vikings
Kadyn Proctor,OT,171,166,161,1.0,1.0,1,1,20.228070175438596,20.0,6,32,17,Detroit Lions,detroit-lions
Keldric Faulk,EDGE,168,164,158,1.0,1.0,1,1,20.476190476190474,20.0,9,32,21,Tampa Bay Buccaneers,tampa-bay-buccaneers
Akheem Mesidor,EDGE,167,163,158,1.0,1.0,1,1,20.461077844311376,20.0,12,32,18,Tampa Bay Buccaneers,tampa-bay-buccaneers
Omar Cooper Jr.,WR,157,154,150,1.0,1.0,1,1,22.579617834394906,23.0,12,31,20,Cleveland Browns,cleveland-browns
Emmanuel McNeil-Warren,S,148,143,139,1.0,1.0,1,1,23.527027027027028,25.0,11,32,16,Chicago Bears,chicago-bears
Blake Miller,OT,144,141,138,1.0,1.0,1,1,24.743055555555557,24.5,6,32,15,New England Patriots,new-england-patriots
Caleb Lomu,OT,139,137,133,1.0,1.0,1,1,24.223021582733814,24.0,6,32,17,San Francisco 49ers,san-francisco-49ers
Avieon Terrell,CB,129,126,120,1.0,1.0,1,1,25.72093023255814,29.0,12,32,20,Kansas City Chiefs,kansas-city-chiefs
Kevin Concepcion,WR,127,123,120,1.0,1.0,1,1,24.606299212598426,24.0,13,32,16,Cleveland Browns,cleveland-browns
T.J. Parker,EDGE,121,117,113,1.0,1.0,1,1,25.454545454545453,26.0,3,32,19,Chicago Bears,chicago-bears
Peter Woods,DL,113,111,107,1.0,1.0,1,1,23.646017699115045,25.0,10,32,19,Houston Texans,houston-texans
Colton Hood,CB,113,112,108,1.0,1.0,1,1,29.141592920353983,30.0,18,32,16,Kansas City Chiefs,kansas-city-chiefs
Denzel Boston,WR,111,110,106,1.0,1.0,1,1,25.46846846846847,25.0,8,32,19,Cleveland Browns,cleveland-browns
Kayden McDonald,DL,111,109,105,1.018018018018018,1.0,1,2,26.306306306306308,28.0,8,38,16,Houston Texans,houston-texans
Cashius Howell,EDGE,93,91,88,1.0,1.0,1,1,26.419354838709676,27.0,14,32,16,Buffalo Bills,buffalo-bills
Max Iheanachor,OT,93,90,89,1.021505376344086,1.0,1,2,27.204301075268816,28.0,17,37,15,New England Patriots,new-england-patriots
C.J. Allen,LB,87,86,83,1.0229885057471264,1.0,1,2,23.908045977011493,25.0,12,34,18,Dallas Cowboys,dallas-cowboys
Ty Simpson,QB,86,84,84,1.0232558139534884,1.0,1,2,23.348837209302324,21.0,3,53,9,Arizona Cardinals,arizona-cardinals
Zion Young,EDGE,55,54,53,1.0363636363636364,1.0,1,2,27.78181818181818,29.0,15,35,15,New England Patriots,new-england-patriots
Caleb Banks,DL,48,47,45,1.0416666666666667,1.0,1,2,25.5625,25.0,18,38,14,Chicago Bears,chicago-bears
Chris Johnson,CB,38,35,35,1.0526315789473684,1.0,1,2,29.31578947368421,30.0,16,43,10,Seattle Seahawks,seattle-seahawks
Chase Bisontis,IOL,33,32,32,1.0606060606060606,1.0,1,2,28.484848484848484,28.0,21,46,8,Houston Texans,houston-texans
Emmanuel Pregnon,IOL,31,29,29,1.064516129032258,1.0,1,2,27.161290322580644,27.0,21,46,10,Houston Texans,houston-texans
Malachi Lawrence,EDGE,27,24,23,1.0740740740740742,1.0,1,2,27.037037037037038,26.0,15,40,10,Buffalo Bills,buffalo-bills
Jadarian Price,RB,25,24,24,1.08,1.0,1,2,33.36,32.0,32,49,2,Seattle Seahawks,seattle-seahawks
Brandon Cisse,CB,24,23,23,1.0833333333333333,1.0,1,2,30.041666666666668,32.0,5,37,7,Seattle Seahawks,seattle-seahawks
Jacob Rodriguez,LB,21,20,20,1.0952380952380953,1.0,1,2,27.095238095238095,28.0,19,42,9,Dallas Cowboys,dallas-cowboys
Christen Miller,DL,15,14,14,1.1333333333333333,1.0,1,2,30.266666666666666,28.0,26,48,8,Houston Texans,houston-texans
R Mason Thomas,EDGE,13,12,12,1.1538461538461537,1.0,1,2,29.076923076923077,31.0,12,47,7,New England Patriots,new-england-patriots
Anthony Hill Jr.,LB,10,9,9,1.2,1.0,1,2,32.4,30.5,20,56,10,Atlanta Falcons,atlanta-falcons
Lee Hunter,DL,8,7,7,1.25,1.0,1,2,30.25,30.0,19,44,6,Denver Broncos,denver-broncos
Chris Brazzell,WR,7,6,6,1.2857142857142858,1.0,1,2,34.285714285714285,29.0,24,56,5,Cleveland Browns,cleveland-browns
Eli Stowers,TE,7,6,6,1.4285714285714286,1.0,1,3,40.0,31.0,23,74,5,New England Patriots,new-england-patriots
Jake Golday,LB,6,5,5,1.3333333333333333,1.0,1,2,36.166666666666664,31.0,20,59,5,New England Patriots,new-england-patriots
Chris Bell,WR,5,4,4,1.4,1.0,1,2,37.4,31.0,30,53,4,Miami Dolphins,miami-dolphins
Gabe Jacas,EDGE,5,4,4,1.4,1.0,1,2,38.4,31.0,26,54,5,Buffalo Bills,buffalo-bills
Mike Washington Jr.,RB,5,4,4,1.8,1.0,1,3,54.6,32.0,32,96,2,Seattle Seahawks,seattle-seahawks
D'angelo Ponds,CB,4,3,3,1.5,1.5,1,2,39.25,39.5,27,51,4,Carolina Panthers,carolina-panthers
Treydan Stukes,CB,4,3,3,2.0,2.0,1,3,48.75,49.0,27,70,4,Chicago Bears,chicago-bears
Keylan Rutledge,IOL,4,3,3,2.0,2.0,1,3,49.25,50.0,28,69,2,Houston Texans,houston-texans
A.J. Haulcy,S,3,2,2,1.6666666666666667,2.0,1,2,47.666666666666664,58.0,25,60,2,Chicago Bears,chicago-bears
Josiah Trotter,LB,3,2,2,1.6666666666666667,2.0,1,2,48.333333333333336,59.0,25,61,3,Chicago Bears,chicago-bears
Antonio Williams,WR,3,2,2,1.6666666666666667,2.0,1,2,52.0,63.0,29,64,3,Kansas City Chiefs,kansas-city-chiefs
Connor Lew,IOL,3,2,2,2.3333333333333335,3.0,1,3,57.333333333333336,76.0,14,82,3,Baltimore Ravens,baltimore-ravens
Romello Height,EDGE,3,2,2,2.3333333333333335,3.0,1,3,63.666666666666664,80.0,29,82,3,Baltimore Ravens,baltimore-ravens
Kaleb Proctor,DL,3,2,2,3.0,4.0,1,4,86.33333333333333,102.0,17,140,3,Detroit Lions,detroit-lions
Drew Allar,QB,3,2,2,3.3333333333333335,4.0,1,5,92.0,107.0,28,141,2,Cleveland Browns,cleveland-browns
Billy Schrauth,IOL,3,2,2,3.0,4.0,1,4,93.33333333333333,122.0,32,126,3,Atlanta Falcons,atlanta-falcons
Cole Payton,QB,3,2,2,3.3333333333333335,4.0,1,5,115.0,137.0,30,178,2,Philadelphia Eagles,philadelphia-eagles
Keionte Scott,CB,2,1,1,2.0,2.0,2,2,55.0,55.0,55,55,1,Los Angeles Chargers,los-angeles-chargers
Derrick Moore,EDGE,2,1,1,2.0,2.0,2,2,55.5,55.5,54,57,2,Chicago Bears,chicago-bears
Gennings Dunker,OT,2,1,1,2.0,2.0,2,2,56.0,56.0,51,61,2,Carolina Panthers,carolina-panthers
Germie Bernard,WR,2,1,1,2.0,2.0,2,2,57.5,57.5,57,58,2,Chicago Bears,chicago-bears
Keith Abney II,CB,2,1,1,2.0,2.0,2,2,58.0,58.0,52,64,2,Green Bay Packers,green-bay-packers
Dani Dennis-Sutton,EDGE,2,1,1,2.0,2.0,2,2,61.5,61.5,60,63,2,Chicago Bears,chicago-bears
Zachariah Branch,WR,2,1,1,2.5,2.5,2,3,64.5,64.5,62,67,2,Denver Broncos,denver-broncos
Domonique Orange,DL,2,1,1,3.0,3.0,3,3,66.0,66.0,65,67,2,Arizona Cardinals,arizona-cardinals
Caleb Tiernan,OT,2,1,1,3.0,3.0,3,3,66.5,66.5,65,68,2,Arizona Cardinals,arizona-cardinals
Malachi Fields,WR,2,1,1,3.0,3.0,3,3,68.5,68.5,66,71,2,Tennessee Titans,tennessee-titans
Kamari Ramsey,S,2,1,1,3.0,3.0,3,3,71.0,71.0,70,72,2,Cincinnati Bengals,cincinnati-bengals
Max Klare,TE,2,1,1,3.0,3.0,3,3,71.0,71.0,68,74,2,Kansas City Chiefs,kansas-city-chiefs
Gracen Halton,DL,2,1,1,3.0,3.0,3,3,72.5,72.5,72,73,2,Cincinnati Bengals,cincinnati-bengals
Davison Igbinosun,CB,2,1,1,3.0,3.0,3,3,74.0,74.0,71,77,2,Tampa Bay Buccaneers,tampa-bay-buccaneers
Elijah Sarratt,WR,2,1,1,3.0,3.0,3,3,74.5,74.5,73,76,2,New Orleans Saints,new-orleans-saints
Ted Hurst,WR,2,1,1,3.0,3.0,3,3,77.0,77.0,75,79,2,Atlanta Falcons,atlanta-falcons
Kyle Louis,LB,2,1,1,3.0,3.0,3,3,77.5,77.5,77,78,2,Indianapolis Colts,indianapolis-colts
Joshua Josephs,EDGE,2,1,1,3.0,3.0,3,3,79.0,79.0,78,80,2,Baltimore Ravens,baltimore-ravens
Genesis Smith,S,2,1,1,3.0,3.0,3,3,80.5,80.5,75,86,2,Los Angeles Chargers,los-angeles-chargers
Skyler Bell,WR,2,1,1,3.0,3.0,3,3,83.0,83.0,79,87,2,Atlanta Falcons,atlanta-falcons
Bryce Lance,WR,2,1,1,3.0,3.0,3,3,84.0,84.0,83,85,2,Carolina Panthers,carolina-panthers
Sam Hecht,IOL,2,1,1,3.0,3.0,3,3,84.0,84.0,84,84,1,Green Bay Packers,green-bay-packers
Jalon Kilgore,S,2,1,1,3.0,3.0,3,3,87.5,87.5,85,90,2,Miami Dolphins,miami-dolphins
Bud Clark,S,2,1,1,3.0,3.0,3,3,88.0,88.0,87,89,2,Chicago Bears,chicago-bears
Julian Neal,CB,2,1,1,3.0,3.0,3,3,89.0,89.0,81,97,2,Jacksonville Jaguars,jacksonville-jaguars
Deion Burks,WR,2,1,1,3.0,3.0,3,3,89.5,89.5,89,90,2,Chicago Bears,chicago-bears
Zakee Wheatley,S,2,1,1,3.0,3.0,3,3,89.5,89.5,88,91,2,Buffalo Bills,buffalo-bills
Darrell Jackson Jr.,DL,2,1,1,3.5,3.5,3,4,92.0,92.0,83,101,2,Carolina Panthers,carolina-panthers
Devin Moore,CB,2,1,1,3.0,3.0,3,3,92.0,92.0,86,98,2,Los Angeles Chargers,los-angeles-chargers
Garrett Nussmeier,QB,2,1,1,3.0,3.0,3,3,93.0,93.0,93,93,1,Los Angeles Rams,los-angeles-rams
L.T. Overton,EDGE,2,1,1,3.0,3.0,3,3,93.5,93.5,92,95,2,Dallas Cowboys,dallas-cowboys
Malik Muhammad,CB,2,1,1,3.0,3.0,3,3,94.5,94.5,92,97,2,Dallas Cowboys,dallas-cowboys
Chandler Rivers,CB,2,1,1,3.0,3.0,3,3,95.0,95.0,91,99,2,Buffalo Bills,buffalo-bills
Jake Slaughter,IOL,2,1,1,3.5,3.5,3,4,99.0,99.0,96,102,2,Las Vegas Raiders,las-vegas-raiders
Keyron Crawford,EDGE,2,1,1,3.5,3.5,3,4,99.0,99.0,88,110,2,Cincinnati Bengals,cincinnati-bengals
Dametrious Crownover,OT,2,1,1,3.5,3.5,3,4,99.5,99.5,94,105,2,Miami Dolphins,miami-dolphins
Daylen Everette,CB,2,1,1,3.0,3.0,3,3,99.5,99.5,99,100,2,Jacksonville Jaguars,jacksonville-jaguars
Brian Parker II,OT,2,1,1,3.5,3.5,3,4,103.0,103.0,98,108,2,Denver Broncos,denver-broncos
Jaishawn Barham,LB,2,1,1,4.0,4.0,4,4,103.0,103.0,103,103,1,New York Jets,new-york-jets
Ja'Kobi Lane,WR,2,1,1,4.0,4.0,4,4,104.0,104.0,104,104,1,Arizona Cardinals,arizona-cardinals
Oscar Delp,TE,2,1,1,3.5,3.5,3,4,104.0,104.0,94,114,2,Miami Dolphins,miami-dolphins
Sam Roush,TE,2,1,1,3.5,3.5,3,4,104.5,104.5,95,114,2,New England Patriots,new-england-patriots
Deontae Lawson,LB,2,1,1,4.0,4.0,4,4,106.0,106.0,101,111,2,Denver Broncos,denver-broncos
Jonah Coleman,RB,2,1,1,4.0,4.0,4,4,106.0,106.0,106,106,1,Houston Texans,houston-texans
Logan Jones,IOL,2,1,1,4.0,4.0,4,4,106.0,106.0,105,107,2,Cleveland Browns,cleveland-browns
Dontay Corleone,DL,2,1,1,3.5,3.5,3,4,106.5,106.5,100,113,2,Indianapolis Colts,indianapolis-colts
Tacario Davis,CB,2,1,1,4.0,4.0,4,4,112.5,112.5,112,113,2,Dallas Cowboys,dallas-cowboys
Jude Bowry,OT,2,1,1,4.0,4.0,4,4,113.0,113.0,109,117,2,Kansas City Chiefs,kansas-city-chiefs
Brenen Thompson,WR,2,1,1,4.0,4.0,4,4,113.5,113.5,110,117,2,Cincinnati Bengals,cincinnati-bengals
Zxavian Harris,DL,2,1,1,4.0,4.0,4,4,115.0,115.0,112,118,2,Dallas Cowboys,dallas-cowboys
Jalen Farmer,IOL,2,1,1,4.0,4.0,4,4,115.5,115.5,115,116,2,Baltimore Ravens,baltimore-ravens
Harold Perkins,LB,2,1,1,4.0,4.0,4,4,116.5,116.5,111,122,2,Atlanta Falcons,atlanta-falcons
Markel Bell,OT,2,1,1,4.0,4.0,4,4,117.0,117.0,116,118,2,Detroit Lions,detroit-lions
Will Lee III,CB,2,1,1,4.0,4.0,4,4,117.5,117.5,115,120,2,Baltimore Ravens,baltimore-ravens
Zane Durant,DL,2,1,1,4.0,4.0,4,4,117.5,117.5,108,127,2,Denver Broncos,denver-broncos
Michael Trigg,TE,2,1,1,4.0,4.0,4,4,119.5,119.5,109,130,2,Kansas City Chiefs,kansas-city-chiefs
Hezekiah Masses,CB,2,1,1,4.0,4.0,4,4,122.0,122.0,121,123,2,Los Angeles Chargers,los-angeles-chargers
Justin Joly,TE,2,1,1,4.0,4.0,4,4,122.0,122.0,119,125,2,Carolina Panthers,carolina-panthers
Chris McClellan,DL,2,1,1,4.0,4.0,4,4,123.5,123.5,123,124,2,Jacksonville Jaguars,jacksonville-jaguars
DeMonte Capehart,DL,2,1,1,4.0,4.0,4,4,124.5,124.5,120,129,2,Chicago Bears,chicago-bears
Bryce Boettcher,LB,2,1,1,4.0,4.0,4,4,125.0,125.0,121,129,2,Chicago Bears,chicago-bears
Kaleb Elarms-Orr,LB,2,1,1,4.0,4.0,4,4,125.0,125.0,119,131,2,Carolina Panthers,carolina-panthers
Austin Barber,OT,2,1,1,4.0,4.0,4,4,127.5,127.5,127,128,2,Detroit Lions,detroit-lions
Trey Zuhn III,OT,2,1,1,4.0,4.0,4,4,129.0,129.0,125,133,2,New England Patriots,new-england-patriots
Ephesians Prysock,CB,2,1,1,4.0,4.0,4,4,134.0,134.0,133,135,2,Pittsburgh Steelers,pittsburgh-steelers
Kage Casey,OT,2,1,1,4.0,4.0,4,4,134.5,134.5,134,135,2,Las Vegas Raiders,las-vegas-raiders
Rayshaun Benny,DL,2,1,1,4.0,4.0,4,4,135.0,135.0,131,139,2,New England Patriots,new-england-patriots
Keyshaun Elliott,LB,2,1,1,4.5,4.5,4,5,135.5,135.5,128,143,2,Arizona Cardinals,arizona-cardinals
Anthony Lucas,EDGE,2,1,1,4.5,4.5,4,5,136.0,136.0,124,148,2,Jacksonville Jaguars,jacksonville-jaguars
Emmett Johnson,RB,2,1,1,4.5,4.5,4,5,137.5,137.5,132,143,2,Arizona Cardinals,arizona-cardinals
Aiden Fisher,LB,2,1,1,4.5,4.5,4,5,138.0,138.0,126,150,2,Buffalo Bills,buffalo-bills
Isaiah World,OT,2,1,1,4.0,4.0,4,4,138.0,138.0,138,138,1,San Francisco 49ers,san-francisco-49ers
Taurean York,LB,2,1,1,4.5,4.5,4,5,138.0,138.0,132,144,2,New Orleans Saints,new-orleans-saints
Tim Keenan III,DL,2,1,1,4.5,4.5,4,5,138.5,138.5,130,147,2,Miami Dolphins,miami-dolphins
TJ Hall,CB,2,1,1,4.5,4.5,4,5,140.5,140.5,136,145,2,New Orleans Saints,new-orleans-saints
Mikail Kamara,EDGE,2,1,1,4.5,4.5,4,5,141.5,141.5,134,149,2,Cleveland Browns,cleveland-browns
Nick Singleton,RB,2,1,1,5.0,5.0,5,5,142.0,142.0,142,142,1,Tennessee Titans,tennessee-titans
Dae'Quan Wright,TE,2,1,1,4.5,4.5,4,5,143.0,143.0,136,150,1,New Orleans Saints,new-orleans-saints
Drew Shelton,OT,2,1,1,4.5,4.5,4,5,144.0,144.0,139,149,2,Cleveland Browns,cleveland-browns
Joe Royer,TE,2,1,1,4.5,4.5,4,5,144.0,144.0,137,151,2,Miami Dolphins,miami-dolphins
Demond Claiborne,RB,2,1,1,5.0,5.0,5,5,145.5,145.5,144,147,2,Tennessee Titans,tennessee-titans
Carson Beck,QB,2,1,1,4.5,4.5,4,5,150.5,150.5,140,161,2,New York Jets,new-york-jets
De'Zhaun Stribling,WR,2,1,1,5.0,5.0,5,5,150.5,150.5,145,156,2,Indianapolis Colts,indianapolis-colts
Jack Endries,TE,2,1,1,5.0,5.0,5,5,152.5,152.5,151,154,2,Baltimore Ravens,baltimore-ravens
Diego Pounds,OT,2,1,1,5.0,5.0,5,5,153.5,153.5,148,159,2,Carolina Panthers,carolina-panthers
Keagen Trost,IOL,2,1,1,5.0,5.0,5,5,154.0,154.0,141,167,2,Cleveland Browns,cleveland-browns
Matt Gulbin,IOL,2,1,1,5.0,5.0,5,5,154.0,154.0,153,155,2,Philadelphia Eagles,philadelphia-eagles
Caden Curry,EDGE,2,1,1,5.0,5.0,5,5,155.0,155.0,152,158,2,Carolina Panthers,carolina-panthers
Parker Brailsford,IOL,2,1,1,5.0,5.0,5,5,155.5,155.5,146,165,2,Buffalo Bills,buffalo-bills
Beau Stephens,IOL,2,1,1,5.0,5.0,5,5,157.0,157.0,146,168,2,Buffalo Bills,buffalo-bills
J.C. Davis,OT,2,1,1,5.0,5.0,5,5,157.5,157.5,155,160,2,Green Bay Packers,green-bay-packers
Kaytron Allen,RB,2,1,1,5.0,5.0,5,5,158.5,158.5,157,160,2,Detroit Lions,detroit-lions
Eli Raridon,TE,2,1,1,5.0,5.0,5,5,161.0,161.0,153,169,2,Kansas City Chiefs,kansas-city-chiefs
Kevin Coleman Jr.,WR,2,1,1,5.0,5.0,5,5,164.0,164.0,154,174,1,Baltimore Ravens,baltimore-ravens
Charles Demmings,CB,2,1,1,5.0,5.0,5,5,164.5,164.5,164,165,2,Buffalo Bills,buffalo-bills
Landon Robinson,DL,2,1,1,5.0,5.0,5,5,166.5,166.5,162,171,2,Baltimore Ravens,baltimore-ravens
Jeremiah Wright,IOL,2,1,1,5.0,5.0,5,5,167.5,167.5,162,173,1,Baltimore Ravens,baltimore-ravens
Josh Cameron,WR,2,1,1,5.0,5.0,5,5,168.0,168.0,159,177,2,Carolina Panthers,carolina-panthers
Max Llewellyn,EDGE,2,1,1,5.5,5.5,5,6,168.5,168.5,152,185,2,Dallas Cowboys,dallas-cowboys
Vincent Anthony Jr.,EDGE,2,1,1,5.0,5.0,5,5,168.5,168.5,158,179,2,Carolina Panthers,carolina-panthers
Justin Jefferson,LB,2,1,1,5.5,5.5,5,6,169.5,169.5,156,183,2,Arizona Cardinals,arizona-cardinals
Kaelon Black,RB,2,1,1,5.0,5.0,5,5,169.5,169.5,166,173,2,Baltimore Ravens,baltimore-ravens
VJ Payne,S,2,1,1,5.0,5.0,5,5,170.0,170.0,163,177,2,Dallas Cowboys,dallas-cowboys
Jakobe Thomas,S,2,1,1,5.0,5.0,5,5,172.5,172.5,170,175,2,Denver Broncos,denver-broncos
Jimmy Rolder,LB,2,1,1,5.0,5.0,5,5,174.0,174.0,167,181,2,Detroit Lions,detroit-lions
Eric McAlister,WR,2,1,1,5.0,5.0,5,5,175.0,175.0,172,178,2,New Orleans Saints,new-orleans-saints
C.J. Daniels,WR,2,1,1,5.5,5.5,5,6,176.0,176.0,169,183,2,Arizona Cardinals,arizona-cardinals
Jadon Canady,CB,2,1,1,5.5,5.5,5,6,177.0,177.0,163,191,2,Minnesota Vikings,minnesota-vikings
Cyrus Allen,WR,2,1,1,5.5,5.5,5,6,177.5,177.5,166,189,2,Cincinnati Bengals,cincinnati-bengals
Logan Taylor,IOL,2,1,1,5.5,5.5,5,6,178.0,178.0,168,188,2,Buffalo Bills,buffalo-bills
Michael Taaffe,S,2,1,1,5.0,5.0,5,5,178.5,178.5,176,181,2,Detroit Lions,detroit-lions
Reggie Virgil,WR,2,1,1,5.5,5.5,5,6,178.5,178.5,171,186,2,New England Patriots,new-england-patriots
Jager Burton,IOL,2,1,1,5.5,5.5,5,6,180.5,180.5,157,204,2,Detroit Lions,detroit-lions
Taylen Green,QB,2,1,1,6.0,6.0,6,6,182.0,182.0,182,182,1,Buffalo Bills,buffalo-bills
Louis Moore,S,2,1,1,5.5,5.5,5,6,183.5,183.5,175,192,2,Las Vegas Raiders,las-vegas-raiders
Ar'maj Reed-Adams,IOL,2,1,1,5.5,5.5,5,6,184.5,184.5,161,208,2,Las Vegas Raiders,las-vegas-raiders
Nadame Tucker,EDGE,2,1,1,5.5,5.5,5,6,185.0,185.0,180,190,2,Dallas Cowboys,dallas-cowboys
Dallen Bentley,TE,2,1,1,5.5,5.5,5,6,186.0,186.0,170,202,2,Denver Broncos,denver-broncos
Will Kacmarek,TE,2,1,1,5.5,5.5,5,6,186.0,186.0,176,196,2,Kansas City Chiefs,kansas-city-chiefs
Nate Boerkircher,TE,2,1,1,5.5,5.5,5,6,186.5,186.5,172,201,2,Green Bay Packers,green-bay-packers
Seth McGowan,RB,2,1,1,5.5,5.5,5,6,186.5,186.5,164,209,2,Jacksonville Jaguars,jacksonville-jaguars
Tyreak Sapp,EDGE,2,1,1,6.0,6.0,6,6,190.0,190.0,187,193,2,New York Giants,new-york-giants
Jeff Caldwell,WR,2,1,1,6.0,6.0,6,6,190.5,190.5,188,193,2,New York Giants,new-york-giants
Devon Marshall,CB,2,1,1,6.0,6.0,6,6,194.0,194.0,190,198,2,New England Patriots,new-england-patriots
Pat Coogan,IOL,2,1,1,6.0,6.0,6,6,194.0,194.0,191,197,2,New England Patriots,new-england-patriots
Tyler Onyedim,DL,2,1,1,6.0,6.0,6,6,194.5,194.5,187,202,2,New England Patriots,new-england-patriots
Kaden Wetjen,WR,2,1,1,6.0,6.0,6,6,196.5,196.5,194,199,2,Cincinnati Bengals,cincinnati-bengals
Tanner Koziol,TE,2,1,1,6.0,6.0,6,6,196.5,196.5,194,199,2,Cincinnati Bengals,cincinnati-bengals
Jaeden Roberts,IOL,2,1,1,6.0,6.0,6,6,197.0,197.0,186,208,2,Las Vegas Raiders,las-vegas-raiders
Aamil Wagner,OT,2,1,1,6.0,6.0,6,6,197.5,197.5,184,211,2,Baltimore Ravens,baltimore-ravens
Thaddeus Dixon,CB,2,1,1,6.0,6.0,6,6,197.5,197.5,192,203,2,Jacksonville Jaguars,jacksonville-jaguars
D.J. Campbell,IOL,2,1,1,6.0,6.0,6,6,201.0,201.0,196,206,2,Cleveland Browns,cleveland-browns
Nick Barrett,DL,2,1,1,6.0,6.0,5,7,202.0,202.0,179,225,2,New York Jets,new-york-jets
Jalen Huskey,CB,2,1,1,6.0,6.0,5,7,202.5,202.5,180,225,2,Dallas Cowboys,dallas-cowboys
Kendrick Law,WR,2,1,1,6.5,6.5,6,7,202.5,202.5,184,221,2,Cincinnati Bengals,cincinnati-bengals
Matthew Hibner,TE,2,1,1,6.0,6.0,5,7,204.5,204.5,174,235,2,Baltimore Ravens,baltimore-ravens
Trey Moore,EDGE,2,1,1,6.0,6.0,6,6,205.0,205.0,205,205,1,Detroit Lions,detroit-lions
Enrique Cruz Jr.,OT,2,1,1,6.0,6.0,6,6,208.5,208.5,201,216,2,Green Bay Packers,green-bay-packers
Marlin Klein,TE,2,1,1,6.0,6.0,6,6,210.5,210.5,210,211,2,Baltimore Ravens,baltimore-ravens
Mason Reiger,EDGE,2,1,1,6.5,6.5,6,7,210.5,210.5,198,223,2,New England Patriots,new-england-patriots
Nolan Rucci,OT,2,1,1,6.5,6.5,6,7,212.5,212.5,195,230,2,Pittsburgh Steelers,pittsburgh-steelers
Albert Regis,DL,2,1,1,6.5,6.5,6,7,213.0,213.0,200,226,2,Carolina Panthers,carolina-panthers
Skyler Gill-Howard,DL,2,1,1,6.5,6.5,6,7,213.0,213.0,200,226,2,Carolina Panthers,carolina-panthers
Owen Heinecke,LB,2,1,1,6.0,6.0,6,6,214.0,214.0,212,216,2,New England Patriots,new-england-patriots
Cade Klubnik,QB,2,1,1,6.5,6.5,6,7,215.5,215.5,204,227,2,Los Angeles Chargers,los-angeles-chargers
J'Mari Taylor,RB,2,1,1,6.5,6.5,6,7,215.5,215.5,213,218,2,Dallas Cowboys,dallas-cowboys
Eli Heidenreich,WR,2,1,1,6.5,6.5,6,7,216.5,216.5,214,219,2,Indianapolis Colts,indianapolis-colts
Lorenzo Styles Jr.,CB,2,1,1,6.5,6.5,6,7,216.5,216.5,212,221,2,Cincinnati Bengals,cincinnati-bengals
George Gumbs Jr.,EDGE,2,1,1,6.5,6.5,6,7,217.0,217.0,210,224,2,Kansas City Chiefs,kansas-city-chiefs
Jack Kelly,LB,2,1,1,6.5,6.5,6,7,217.5,217.5,207,228,2,Los Angeles Rams,los-angeles-rams
Domani Jackson,CB,2,1,1,6.5,6.5,6,7,218.5,218.5,206,231,2,Atlanta Falcons,atlanta-falcons
Adam Randall,RB,2,1,1,6.5,6.5,6,7,219.5,219.5,189,250,2,Baltimore Ravens,baltimore-ravens
Aaron Anderson,WR,2,1,1,6.5,6.5,6,7,220.0,220.0,197,243,2,Houston Texans,houston-texans
Eric Gentry,LB,2,1,1,6.5,6.5,6,7,220.0,220.0,203,237,2,Jacksonville Jaguars,jacksonville-jaguars
Tyren Montgomery,WR,2,1,1,6.5,6.5,6,7,220.0,220.0,185,255,2,Green Bay Packers,green-bay-packers
Eric Rivers,WR,2,1,1,7.0,7.0,7,7,220.5,220.5,217,224,2,Arizona Cardinals,arizona-cardinals
Fernando Carmona,IOL,2,1,1,7.0,7.0,7,7,221.0,221.0,220,222,2,Buffalo Bills,buffalo-bills
John Michael Gyllenborg,TE,2,1,1,6.5,6.5,6,7,221.0,221.0,215,227,2,Atlanta Falcons,atlanta-falcons
Riley Nowakowski,TE,2,1,1,6.5,6.5,6,7,223.0,223.0,214,232,2,Indianapolis Colts,indianapolis-colts
Roman Hemby,RB,2,1,1,7.0,7.0,7,7,226.5,226.5,220,233,2,Buffalo Bills,buffalo-bills
Quintayvious Hutchins,EDGE,2,1,1,6.5,6.5,6,7,227.0,227.0,207,247,2,Los Angeles Rams,los-angeles-rams
Fa'alili Fa'amoe,OT,2,1,1,6.5,6.5,6,7,227.5,227.5,213,242,2,Detroit Lions,detroit-lions
Lander Barton,LB,2,1,1,7.0,7.0,7,7,228.5,228.5,219,238,2,Las Vegas Raiders,las-vegas-raiders
Red Murdock,LB,2,1,1,7.0,7.0,7,7,230.5,230.5,228,233,2,Jacksonville Jaguars,jacksonville-jaguars
Bishop Fitzgerald,S,2,1,1,7.0,7.0,7,7,231.5,231.5,222,241,2,Chicago Bears,chicago-bears
Micah Morris,IOL,2,1,1,6.5,6.5,6,7,234.0,234.0,215,253,2,Atlanta Falcons,atlanta-falcons
Josh Cuevas,TE,2,1,1,7.0,7.0,7,7,235.5,235.5,223,248,2,Cleveland Browns,cleveland-browns
Caleb Douglas,WR,2,1,1,7.0,7.0,7,7,236.0,236.0,236,236,1,Green Bay Packers,green-bay-packers
Desmond Reid,RB,2,1,1,7.0,7.0,7,7,236.5,236.5,229,244,2,Minnesota Vikings,minnesota-vikings
Bryson Eason,DL,2,1,1,7.0,7.0,7,7,238.0,238.0,231,245,2,Atlanta Falcons,atlanta-falcons
DJ Rogers,TE,2,1,1,7.0,7.0,7,7,238.0,238.0,234,242,2,Minnesota Vikings,minnesota-vikings
Toriano Pride,CB,2,1,1,7.0,7.0,7,7,238.5,238.5,230,247,2,New England Patriots,new-england-patriots
Anez Cooper,IOL,2,1,1,7.0,7.0,7,7,239.0,239.0,235,243,2,Houston Texans,houston-texans
Robert Henry Jr.,RB,2,1,1,7.0,7.0,7,7,239.0,239.0,229,249,2,Indianapolis Colts,indianapolis-colts
Zavion Thomas,WR,2,1,1,7.0,7.0,7,7,239.0,239.0,239,239,1,Chicago Bears,chicago-bears
James Thompson Jr.,DL,2,1,1,7.0,7.0,7,7,240.0,240.0,234,246,2,Denver Broncos,denver-broncos
Wesley Williams,DL,2,1,1,7.0,7.0,7,7,247.0,247.0,240,254,2,Indianapolis Colts,indianapolis-colts
Robert Spears-Jennings,S,2,1,1,7.0,7.0,7,7,248.0,248.0,245,251,2,Jacksonville Jaguars,jacksonville-jaguars
A.J. Harris,CB,1,1,1,1.0,1.0,1,1,16.0,16.0,16,16,1,New York Jets,new-york-jets
Nic Scourton,EDGE,1,1,1,1.0,1.0,1,1,29.0,29.0,29,29,1,Kansas City Chiefs,kansas-city-chiefs
Matayo Uiagalelei,EDGE,1,1,1,1.0,1.0,1,1,31.0,31.0,31,31,1,New England Patriots,new-england-patriots
Jaydn Ott,RB,1,1,1,1.0,1.0,1,1,32.0,32.0,32,32,1,Seattle Seahawks,seattle-seahawks
Febechi Nwaiwu,IOL,1,1,1,6.0,6.0,6,6,195.0,195.0,195,195,1,Tampa Bay Buccaneers,tampa-bay-buccaneers
Andre Fuller,CB,1,1,1,6.0,6.0,6,6,209.0,209.0,209,209,1,Washington Commanders,washington-commanders
Sawyer Robertson,QB,1,1,1,7.0,7.0,7,7,217.0,217.0,217,217,1,Arizona Cardinals,arizona-cardinals
Ahmari Harvey,CB,1,1,1,7.0,7.0,7,7,218.0,218.0,218,218,1,Dallas Cowboys,dallas-cowboys
Cameron Ball,DL,1,1,1,7.0,7.0,7,7,232.0,232.0,232,232,1,Los Angeles Rams,los-angeles-rams
Cole Wisniewski,S,1,1,1,7.0,7.0,7,7,237.0,237.0,237,237,1,Pittsburgh Steelers,pittsburgh-steelers
Xavier Nwankpa,S,1,1,1,7.0,7.0,7,7,238.0,238.0,238,238,1,Miami Dolphins,miami-dolphins
Kendal Daniels,S,1,1,1,7.0,7.0,7,7,240.0,240.0,240,240,1,Jacksonville Jaguars,jacksonville-jaguars
Max Bredeson,RB,1,1,1,7.0,7.0,7,7,241.0,241.0,241,241,1,Chicago Bears,chicago-bears
Terion Stewart,RB,1,1,1,7.0,7.0,7,7,244.0,244.0,244,244,1,Minnesota Vikings,minnesota-vikings
Luke Altmyer,QB,1,1,1,7.0,7.0,7,7,246.0,246.0,246,246,1,Denver Broncos,denver-broncos
Nyjalik Kelly,EDGE,1,1,1,7.0,7.0,7,7,248.0,248.0,248,248,1,Cleveland Browns,cleveland-browns
Diego Pavia,QB,1,1,1,7.0,7.0,7,7,249.0,249.0,249,249,1,Indianapolis Colts,indianapolis-colts
Brett Thorson,P,1,1,1,7.0,7.0,7,7,250.0,250.0,250,250,1,Baltimore Ravens,baltimore-ravens
Jalen Stroman,S,1,1,1,7.0,7.0,7,7,251.0,251.0,251,251,1,Los Angeles Rams,los-angeles-rams
Lake McRee,TE,1,1,1,7.0,7.0,7,7,252.0,252.0,252,252,1,Los Angeles Rams,los-angeles-rams
Noah Whittington,RB,1,1,1,7.0,7.0,7,7,252.0,252.0,252,252,1,Los Angeles Rams,los-angeles-rams
Barion Brown,WR,1,1,1,7.0,7.0,7,7,253.0,253.0,253,253,1,Baltimore Ravens,baltimore-ravens
Chase Roberts,WR,1,1,1,7.0,7.0,7,7,254.0,254.0,254,254,1,Indianapolis Colts,indianapolis-colts
Haynes King,QB,1,1,1,7.0,7.0,7,7,255.0,255.0,255,255,1,Green Bay Packers,green-bay-packers
Carver Willis,OT,1,1,1,7.0,7.0,7,7,256.0,256.0,256,256,1,Denver Broncos,denver-broncos
Preston Hodge,CB,1,1,1,7.0,7.0,7,7,256.0,256.0,256,256,1,Denver Broncos,denver-broncos
Jamarion Miller,RB,1,1,1,7.0,7.0,7,7,257.0,257.0,257,257,1,Denver Broncos,denver-broncos
Travis Burke,OT,1,1,1,7.0,7.0,7,7,257.0,257.0,257,257,1,Denver Broncos,denver-broncos
