section,year,cache_id,mock_relative_url,mock_absolute_url,mock_name,author_name,published_at,description,intro,external_url,rankings_url,completed_url,completion_percentage,completion_place,most_accurate,temporary_mock,scheduled_to_be_deleted,time_left_before_deletion,top_authors_count,twitter,user_mock,user_premium,selection_count,previous_mock_date_count,source_team_slug,source_team_name,source_team_year
team-mock-drafts,2026,team_mocks/Show-0,/team-mock-drafts/2026/dolphins-si-2026-alain-poupart?date=2026-04-05,https://www.nflmockdraftdatabase.com/team-mock-drafts/2026/dolphins-si-2026-alain-poupart?date=2026-04-05,SI,Alain Poupart,04/05/26,Explaining a Three-Round Dolphins Mock Draft : The Miami Dolphins are scheduled to have seven of the first 94 picks in the 2026 NFL draft,"The Miami Dolphins have the opportunity to add a nice group of immediate or future starters or contributors in the first two days of the NFL draft, with seven of the first 94 picks currently in their possession. As a team starting a rebuild with new GM Jon-Eric Sullivan and new head coach Jeff Hafley, the Dolphins could go in a lot of directions with those seven picks, which stands at number 11, 30, 43, 75, 87, 90 and 94. Here then is Miami Dolphins On SI Publisher Alain Poupart's first three-round Dolphins mock draft of 2026, using the NFL Mock Draft Database, with a look at the players available with each pick and the reasoning behind the choices.",https://www.si.com/nfl/dolphins/onsi/news/explaining-a-three-round-dolphins-mock-draft-01knfxb1efc5?utm_source=nflmockdraftdatabase&utm_medium=website&utm_content=read_mock_link,https://www.nflmockdraftdatabase.com/big-boards/2026/consensus-big-board-2026,https://www.nflmockdraftdatabase.com/mock-drafts/2026/final-scores,,,False,False,False,04/12/2026 09:22pm CDT,0,PoupartNFL,False,False,7,1,miami-dolphins,Miami Dolphins,2026
team-mock-drafts,2026,team_mocks/Show-0,/team-mock-drafts/2026/buccaneers-bucs-wire-2026-andrew-harbaugh?date=2026-03-30,https://www.nflmockdraftdatabase.com/team-mock-drafts/2026/buccaneers-bucs-wire-2026-andrew-harbaugh?date=2026-03-30,Bucs Wire,Andrew Harbaugh,03/30/26,Mock Draft Monday: Bucs solve their edge problem via trade : The Bucs get aggressive on this mock draft Monday and make a trade for a player to solve their edge rusher problem.,"There have been countless mock drafts over the past couple of months. We have seen the same picks and the same analysts making predictions, which can get a bit stale. So, because of that, we wanted to throw a bit of a curveball into the mix of mock drafts for the Bucs. To achieve that, we made a notable trade in this Mock Draft Monday edition. We have the Bucs trading for an impact player who is already in the NFL, as the team seemingly cannot afford to wait on a rookie to emerge in an area of need. General manager Jason Licht needs to make a splash, and he needs to do it soon, as the window to win a Super Bowl with this roster is closing. So with the move we make, this team could see their Super Bowl chances increase, so let's get to it.",https://bucswire.usatoday.com/story/sports/nfl/buccaneers/2026/03/30/nfl-mock-draft-bucs-get-aggressive-and-trade-for-jonathan-greenard/89381186007/?utm_source=nflmockdraftdatabase&utm_medium=website&utm_content=read_mock_link,https://www.nflmockdraftdatabase.com/big-boards/2026/consensus-big-board-2026,https://www.nflmockdraftdatabase.com/mock-drafts/2026/final-scores,,,False,False,False,04/06/2026 09:07pm CDT,0,AndrewHarbaugh_,False,False,7,13,tampa-bay-buccaneers,Tampa Bay Buccaneers,2026
team-mock-drafts,2026,team_mocks/Show-0,/team-mock-drafts/2026/jets-usa-today-2026-ayrton-ostly?date=2026-03-29,https://www.nflmockdraftdatabase.com/team-mock-drafts/2026/jets-usa-today-2026-ayrton-ostly?date=2026-03-29,USA Today,Ayrton Ostly,03/29/26,"Jets 7-round mock draft: New York picks Arvell Reese, potential QB of the future : New York missed out on Fernando Mendoza in this draft but is armed with several high picks. Here's how the Jets could use their draft picks this year.","Few teams will look as different in 2026 as the New York Jets. New York has new coordinators on offense and defense with Frank Reich and Brian Duker in for 2026. On the personnel side, the Jets didn’t wait for free agency to start making some moves; a trade netted them defensive lineman T’Vondre Sweat for edge rusher Jermaine Johnson II weeks before the negotiating period began. Once that date hit, New York went to work acquiring veterans on defense. David Onyemata, Kingsley Enagbare and Joseph Ossai bolstered the front. The team traded for safety Minkah Fitzpatrick and signed linebacker Demario Davis to provide Pro Bowl experience in the second level. Cornerback Nahshon Wright and safety Dane Belton rounded out the acquisitions for that unit.",https://www.usatoday.com/story/sports/nfl/2026/03/29/nfl-mock-draft-2026-jets-drew-allar-arvell-reese/89183807007/?utm_source=nflmockdraftdatabase&utm_medium=website&utm_content=read_mock_link,https://www.nflmockdraftdatabase.com/big-boards/2026/consensus-big-board-2026,https://www.nflmockdraftdatabase.com/mock-drafts/2026/final-scores,,,False,False,False,04/05/2026 03:24pm CDT,0,Ostly_Media,False,False,9,2,new-york-jets,New York Jets,2026
team-mock-drafts,2026,team_mocks/Show-0,/team-mock-drafts/2026/eagles-bleeding-green-nation-2026-ben-natan?date=2026-04-05,https://www.nflmockdraftdatabase.com/team-mock-drafts/2026/eagles-bleeding-green-nation-2026-ben-natan?date=2026-04-05,Bleeding Green Nation,Ben Natan,04/05/26,"NFL Mock Draft 2026: Eagles 7-round simulation, Version 6.0 : ﻿﻿﻿﻿﻿How would you grade this projection?﻿",The 2026 NFL Draft is less than three weeks away! Here’s a look at how it could play out for the Philadelphia Eagles. Simulation run using the Pro Football Focus Mock Draft Simulation. No trades made.,https://www.bleedinggreennation.com/philadelphia-eagles-draft/173229/nfl-mock-draft-2026-eagles-7-round-simulation-version-6-0?utm_source=nflmockdraftdatabase&utm_medium=website&utm_content=read_mock_link,https://www.nflmockdraftdatabase.com/big-boards/2026/consensus-big-board-2026,https://www.nflmockdraftdatabase.com/mock-drafts/2026/final-scores,,,False,False,False,04/12/2026 09:30pm CDT,0,TheBenNatan,False,False,9,5,philadelphia-eagles,Philadelphia Eagles,2026
team-mock-drafts,2026,team_mocks/Show-0,/team-mock-drafts/2026/packers-si-2026-bill-huber?date=2026-04-05,https://www.nflmockdraftdatabase.com/team-mock-drafts/2026/packers-si-2026-bill-huber?date=2026-04-05,SI,Bill Huber,04/05/26,"An Egg-Cellent All-Packers Seven-Round Mock Draft for Easter : For Easter, our third seven-round mock of the cycle hits as many needs as possible given the limited resources. ","The Green Bay Packers will enter the 2026 NFL Draft with some sizable needs. Their pass defense needs a better pass rush and better coverage. They need to upgrade the offensive line. The defensive line needs reinforcements. For Easter, our third seven-round mock of the cycle hits as many needs as possible given the limited resources with no first-round pick and just one compensatory selection. We used the Pro Football Focus simulator for this simulation.",https://www.si.com/nfl/packers/onsi/an-egg-cellent-all-packers-seven-round-mock-draft-for-easter?utm_source=nflmockdraftdatabase&utm_medium=website&utm_content=read_mock_link,https://www.nflmockdraftdatabase.com/big-boards/2026/consensus-big-board-2026,https://www.nflmockdraftdatabase.com/mock-drafts/2026/final-scores,,,False,False,False,04/12/2026 09:54pm CDT,0,BillHuberSI,False,False,7,1,green-bay-packers,Green Bay Packers,2026
team-mock-drafts,2026,team_mocks/Show-0,/team-mock-drafts/2026/dolphins-draft-countdown-2026-brad-menendez?date=2026-03-28,https://www.nflmockdraftdatabase.com/team-mock-drafts/2026/dolphins-draft-countdown-2026-brad-menendez?date=2026-03-28,Draft Countdown,Brad Menendez,03/28/26,"Miami Dolphins 7 Round Mock Draft | 2026 NFL Draft - NFL Draft Countdown : The Miami Dolphins have embraced the tank. Now, Brad Menendez takes their 11 picks and tries to add to their future with this 7-round mock.","The Dolphins are looking to change, and it started with the front office and coaching staff. Both new GM Jon-Eric Sullivan and new HC Jeff Hafley were brought in from the Green Bay Packers and already have a strong working relationship. Hafley’s connection to Malik Willis stems from his time as Green Bay’s defensive coordinator, but the key offensive architect will be OC Bobby Slowik.",https://www.draftcountdown.com/nfl-mock-draft/miami-dolphins-7-round-mock-draft-2026-nfl-draft/?utm_source=nflmockdraftdatabase&utm_medium=website&utm_content=read_mock_link,https://www.nflmockdraftdatabase.com/big-boards/2026/consensus-big-board-2026,https://www.nflmockdraftdatabase.com/mock-drafts/2026/final-scores,,,False,False,False,04/04/2026 09:01am CDT,0,RotoHeatBrad,False,False,11,1,miami-dolphins,Miami Dolphins,2026
team-mock-drafts,2026,team_mocks/Show-0,/team-mock-drafts/2026/chiefs-arrowhead-addict-2026-braden-holecek?date=2026-04-05,https://www.nflmockdraftdatabase.com/team-mock-drafts/2026/chiefs-arrowhead-addict-2026-braden-holecek?date=2026-04-05,Arrowhead Addict,Braden Holecek,04/05/26,"Chiefs pile up extra picks in this aggressive 7 round mock draft : With K.C. sitting at pick 9, they benefit from how the board plays out with their first few selections, while also adding a few more picks along the way.","The 2026 NFL Draft is approaching quicker and quicker. In just a few short weeks, we will know the newest rookies entering Chiefs Kingdom. This year's selections are the most vital the Kansas City Chiefs have had in a few years, and it comes with a top-10 choice in hand. With draft month officially here, it is time to try our hand at a Chiefs mock draft. Did the board fall as we had hoped for the ninth overall pick? Plus, former trends were factored in to account for how Kansas City may address certain positions on the roster. Let's get to the mock draft haul which was completed using Pro Football Focus' mock draft simulator.",https://arrowheadaddict.com/chiefs-pile-up-extra-picks-aggressive-7-round-mock-draft-01kmy6vda4gw?utm_source=nflmockdraftdatabase&utm_medium=website&utm_content=read_mock_link,https://www.nflmockdraftdatabase.com/big-boards/2026/consensus-big-board-2026,https://www.nflmockdraftdatabase.com/mock-drafts/2026/final-scores,,,False,False,False,04/12/2026 09:53pm CDT,0,BradenHolecek9,False,False,11,1,kansas-city-chiefs,Kansas City Chiefs,2026
team-mock-drafts,2026,team_mocks/Show-0,/team-mock-drafts/2026/vikings-purple-ptsd-2026-brevan-bane?date=2026-04-02,https://www.nflmockdraftdatabase.com/team-mock-drafts/2026/vikings-purple-ptsd-2026-brevan-bane?date=2026-04-02,Purple PTSD,Brevan Bane,04/01/26,"Bane 1.0: Vikings 7-Round 2026 NFL Mock Draft : The first-edition of the Bane series of 2026 NFL Mock Drafts for the Vikings, as we inch closer and closer to draft day.","We are inching closer to the 2026 NFL Draft, and “Mock Madness” is at full steam. Theories are flying everywhere about who the Vikings (and all other NFL teams, for that matter) will select, and everyone has something to say about it, good or bad. Today, we will tackle the Bane 1.0 mock for these Minnesota Vikings.",https://purpleptsd.com/2026/vikings/vikings-analysis/bane-1-0-vikings-mock/?utm_source=nflmockdraftdatabase&utm_medium=website&utm_content=read_mock_link,https://www.nflmockdraftdatabase.com/big-boards/2026/consensus-big-board-2026,https://www.nflmockdraftdatabase.com/mock-drafts/2026/final-scores,,,False,False,False,04/08/2026 09:27pm CDT,0,purplePTSD,False,False,10,1,minnesota-vikings,Minnesota Vikings,2026
team-mock-drafts,2026,team_mocks/Show-0,/team-mock-drafts/2026/buccaneers-draft-countdown-2026-brian-bosarge?date=2026-03-29,https://www.nflmockdraftdatabase.com/team-mock-drafts/2026/buccaneers-draft-countdown-2026-brian-bosarge?date=2026-03-29,Draft Countdown,Brian Bosarge,03/29/26,"Tampa Bay Buccaneers 2026 7 Round NFL Mock Draft! - NFL Draft Countdown : The Tampa Bay Buccaneers had a disappointing finish to their season. Now, we see if Jason Licht takes the advice of Brian Bosarge with this 7-round mock.",The Tampa Bay Buccaneers had a disappointing finish to their season. An 8-9 finish and a loss in a convoluted tiebreaker knocked the Bucs out of the playoffs. Now Tampa looks to add more pieces to its defense and beyond to help it return to the playoffs in 2026.,https://www.draftcountdown.com/nfl-mock-draft/tampa-bay-buccaneers-2026-7-round-nfl-mock-draft/?utm_source=nflmockdraftdatabase&utm_medium=website&utm_content=read_mock_link,https://www.nflmockdraftdatabase.com/big-boards/2026/consensus-big-board-2026,https://www.nflmockdraftdatabase.com/mock-drafts/2026/final-scores,,,False,False,False,04/05/2026 03:27pm CDT,0,DeepFriedDraft,False,False,7,1,tampa-bay-buccaneers,Tampa Bay Buccaneers,2026
team-mock-drafts,2026,team_mocks/Show-0,/team-mock-drafts/2026/cowboys-blogging-the-boys-2026-brian-martin?date=2026-03-31,https://www.nflmockdraftdatabase.com/team-mock-drafts/2026/cowboys-blogging-the-boys-2026-brian-martin?date=2026-03-31,Blogging The Boys,Brian Martin,03/31/26,"The ideal 4-round draft haul for the Cowboys : The Cowboys have holes to fill, and this draft would do that.","The Dallas Cowboys are sitting in a great position with two first-round picks in the upcoming 2026 NFL Draft. There’s a really good chance they could come away with two plug-and-play starters with picks No. 12 and 20, or possibly trade down with one or both for extra draft capital. There’s even a chance, although probably a slight one, they trade up for a player they covet. All things look promising with their first-round selections, but their following draft picks leaves much to be desired. Pending any trades, they won’t select again until the third round (92nd overall) and then 20 picks later at No. 112 in the fourth round. That’s quite a lot of talent they will be missing out on in the second round, and with several roster “needs” that remain to be filled, that’s asking a lot from Dallas’ draft department.",https://www.bloggingtheboys.com/dallas-cowboys-draft/200820/ideal-4-round-mock-draft-caleb-downs?utm_source=nflmockdraftdatabase&utm_medium=website&utm_content=read_mock_link,https://www.nflmockdraftdatabase.com/big-boards/2026/consensus-big-board-2026,https://www.nflmockdraftdatabase.com/mock-drafts/2026/final-scores,,,False,False,False,04/07/2026 10:11pm CDT,0,TheBMartin,False,False,4,4,dallas-cowboys,Dallas Cowboys,2026
team-mock-drafts,2026,team_mocks/Show-0,/team-mock-drafts/2026/steelers-steelers-wire-2026-curt-popejoy?date=2026-04-03,https://www.nflmockdraftdatabase.com/team-mock-drafts/2026/steelers-steelers-wire-2026-curt-popejoy?date=2026-04-03,Steelers Wire,Curt Popejoy,04/03/26,Crafting the Steelers perfect 3-round mock draft : We do a lot of mock drafts but what if we could build a perfect mock for the Steelers for the firts three rounds?,"We all know that once the 2026 NFL draft kicks off on Thursday, all bets are off as to who will be available for the Pittsburgh Steelers. Trades happen, teams move around and it turns into a circus. But what if we could curate the perfect three rounds for the Steelers based on positions of need and positional rankings? That's what we did for this three-round mock draft. Instead of running and simulation and working with who is available, we went with the best-case scenario in terms of draft rankings for all five picks and the results are staggering.",https://steelerswire.usatoday.com/story/sports/nfl/steelers/2026/04/03/steelers-2026-nfl-mock-draft/89443470007/?utm_source=nflmockdraftdatabase&utm_medium=website&utm_content=read_mock_link,https://www.nflmockdraftdatabase.com/big-boards/2026/consensus-big-board-2026,https://www.nflmockdraftdatabase.com/mock-drafts/2026/final-scores,,,False,False,False,04/10/2026 12:34pm CDT,0,CurtPopejoySW,False,False,5,35,pittsburgh-steelers,Pittsburgh Steelers,2026
team-mock-drafts,2026,team_mocks/Show-0,/team-mock-drafts/2026/commanders-riggos-rag-2026-dean-jones?date=2026-03-29,https://www.nflmockdraftdatabase.com/team-mock-drafts/2026/commanders-riggos-rag-2026-dean-jones?date=2026-03-29,Riggo's Rag,Dean Jones,03/29/26,"Commanders 7-round mock draft sparks big shift after bold free agency : The Washington Commanders were bold in free agency, giving them more freedom to be flexible during the 2026 NFL Draft.","After an eventful early period of free agency, attention is now turning to the 2026 NFL Draft. General manager Adam Peters and head coach Dan Quinn have made their presence felt at various pro days across the country in recent weeks, as the selection process approaches. And make no mistake; a strong class is needed this year after the team regressed considerably in 2025. The Commanders won just five games. They only have two picks in the first four rounds after trading for Pro Bowl left tackle Laremy Tunsil last year. The margin for error has reduced considerably, but the needs are fewer after several impressive signings from the veteran pool. Peters has set the table well. The Commanders have their franchise quarterback. They have a premier left tackle, a stud wide receiver, and some intriguing defensive pieces that can hopefully be molded into a cohesive unit. With a bit more quality, Washington's bounce-back potential next season will be extremely high. The pressure is on to stay composed in the chaos. Using the Pro Football and Sports Network simulator, we projected how things could play out for the Commanders in our latest seven-round 2026 mock draft.",https://riggosrag.com/washington-commanders-7-round-mock-draft-sparks-big-shift-after-bold-free-agency?utm_source=nflmockdraftdatabase&utm_medium=website&utm_content=read_mock_link,https://www.nflmockdraftdatabase.com/big-boards/2026/consensus-big-board-2026,https://www.nflmockdraftdatabase.com/mock-drafts/2026/final-scores,,,False,False,False,04/05/2026 02:38pm CDT,0,DeanJones_,False,False,7,20,washington-commanders,Washington Commanders,2026
team-mock-drafts,2026,team_mocks/Show-0,/team-mock-drafts/2026/cardinals-si-2026-donnie-druin?date=2026-03-30,https://www.nflmockdraftdatabase.com/team-mock-drafts/2026/cardinals-si-2026-donnie-druin?date=2026-03-30,SI,Donnie Druin,03/30/26,Arizona Cardinals Shake 7-Round Mock Draft : The Arizona Cardinals don't waste any time in this seven-round mock draft.,"We're just weeks away from the 2026 NFL Draft, and it feels like a true and honest guess as to who the Arizona Cardinals will select with any of their seven projected selections. Quarterback? Edge rusher? Defensive tackle? Offensive tackle? The possibilities both early and late in the draft are numerous, and entering general manager Monti Ossenfort's fourth cycle, this is undoubtedly his most important. While we didn't do trades in this mock, we do think multiple trades by Arizona is possible - you can check that out here. As of now, here's how we see the draft playing out:",https://www.si.com/nfl/cardinals/onsi/analysis/arizona-cardinals-7-round-mock-draft-complete-list-picks-predictions?utm_source=nflmockdraftdatabase&utm_medium=website&utm_content=read_mock_link,https://www.nflmockdraftdatabase.com/big-boards/2026/consensus-big-board-2026,https://www.nflmockdraftdatabase.com/mock-drafts/2026/final-scores,,,False,False,False,04/06/2026 09:09pm CDT,0,DonnieDruin,False,False,7,4,arizona-cardinals,Arizona Cardinals,2026
team-mock-drafts,2026,team_mocks/Show-0,/team-mock-drafts/2026/seahawks-field-gulls-2026-doug-farrar?date=2026-03-31,https://www.nflmockdraftdatabase.com/team-mock-drafts/2026/seahawks-field-gulls-2026-doug-farrar?date=2026-03-31,Field Gulls,Doug Farrar,03/31/26,"7-round Seahawks mock draft: John Schneider trades down, stocks up big : This Seahawks mock draft might be John Schneider’s dream, as Seattle more than doubles its picks with two big trades. What did it cost to do that?","One of the first things people tend to do when summing up a draft class is to ask themselves — is this class tall, or is it wide? In other words, is it packed with talent at the top and relatively thin on Day 3, or are there fewer real field-tilters, and the value really happens from Round 3 on down? As regards the 2026 NFL Draft class, I’d say it’s wider than tall. A lot of evaluators will tell you that they struggle to assign first-round value to more than 12-15 prospects in this class, and that could lead to a lot of teams trying to trade down to get extra picks later in a draft that presents all kinds of opportunities to add foundational roster pieces who may not be future Hall of Famers, but do what they do particularly well.",https://www.fieldgulls.com/seattle-seahawks-nfl-draft/165545/7-round-seattle-seahawks-nfl-mock-draft-john-schneider-trades-down?utm_source=nflmockdraftdatabase&utm_medium=website&utm_content=read_mock_link,https://www.nflmockdraftdatabase.com/big-boards/2026/consensus-big-board-2026,https://www.nflmockdraftdatabase.com/mock-drafts/2026/final-scores,,,False,False,False,04/08/2026 09:18am CDT,0,NFL_DougFarrar,False,False,8,1,seattle-seahawks,Seattle Seahawks,2026
team-mock-drafts,2026,team_mocks/Show-0,/team-mock-drafts/2026/giants-big-blue-view-2026-ed-valentine?date=2026-03-29,https://www.nflmockdraftdatabase.com/team-mock-drafts/2026/giants-big-blue-view-2026-ed-valentine?date=2026-03-29,Big Blue View,Ed Valentine,03/29/26,"NY Giants 6-round mock draft: Trade down still lands Sonny Styles : This Round 1 result should not happen, and almost certainly won’t, but it did here.","We are now less than a month away from the 2026 NFL Draft. That means things are getting serious. Still, there is a bit of time to play with potential scenarios for the New York Giants first draft with John Harbaugh as head coach. With that in mind, we are playing with a scenario we have yet to play out in this cycle. I am using the Pro Football and Sports Network simulator, with the “consensus” big board offering me player options. Previous weekly mock drafts have been four rounds, but this one will be a full six.",https://www.bigblueview.com/new-york-giants-draft/157952/mock-draft-trade-down-sonny-styles-omar-cooper-emmanuel-pregnon?utm_source=nflmockdraftdatabase&utm_medium=website&utm_content=read_mock_link,https://www.nflmockdraftdatabase.com/big-boards/2026/consensus-big-board-2026,https://www.nflmockdraftdatabase.com/mock-drafts/2026/final-scores,,,False,False,False,04/05/2026 02:38pm CDT,0,Valentine_Ed,False,False,8,6,new-york-giants,New York Giants,2026
team-mock-drafts,2026,team_mocks/Show-0,/team-mock-drafts/2026/lions-pride-of-detroit-2026-erik-schlitt?date=2026-03-30,https://www.nflmockdraftdatabase.com/team-mock-drafts/2026/lions-pride-of-detroit-2026-erik-schlitt?date=2026-03-30,Pride of Detroit,Erik Schlitt,03/30/26,Detroit Lions 7-round mock draft: Post-free agency edition : Erik Schlitt’s first mock draft of the 2026 offseason.,"We’re less than four weeks away from the 2026 NFL Draft, and with nine installments of our Mock Draft Roundup in the books, it’s a good time to begin releasing a mock draft of our own. At this stage of the offseason, free agency has slowed to a crawl, and the Detroit Lions are putting the final touches on their roster ahead of the big event. At this time, the team has 67 players on its offseason roster and holds nine draft picks, leaving 14 available spots for undrafted and unrestricted free agents.",https://www.prideofdetroit.com/detroit-lions-draft/160688/detroit-lions-7-round-mock-draft-post-free-agency-edition?utm_source=nflmockdraftdatabase&utm_medium=website&utm_content=read_mock_link,https://www.nflmockdraftdatabase.com/big-boards/2026/consensus-big-board-2026,https://www.nflmockdraftdatabase.com/mock-drafts/2026/final-scores,,,False,False,False,04/06/2026 08:21am CDT,0,erikschlitt,False,False,9,1,detroit-lions,Detroit Lions,2026
team-mock-drafts,2026,team_mocks/Show-0,/team-mock-drafts/2026/patriots-patriots-com-2026-evan-lazar?date=2026-03-30,https://www.nflmockdraftdatabase.com/team-mock-drafts/2026/patriots-patriots-com-2026-evan-lazar?date=2026-03-30,Patriots.com,Evan Lazar,03/30/26,"Lazar's Mock Draft 1.0: Patriots Prepare for the Future at Key Positions : The Patriots line up succession plans behind key veterans on offense and defense, while filling an immediate need at pass rusher.","After the initial wave of free agency, the Patriots roster heading into the 2026 NFL Draft is starting to take shape amid tons of activity in the veteran market over the last several weeks. ​New England added immediate contributors in WR Romeo Doubs, EDGE Dre’Mont Jones, G Alijah Vera-Tucker, and All-Pro S Kevin Byard, while also upgrading at fullback (Reggie Gilliam) and signing a tight end (Julian Hill) to add some physicality on offense. Patriots head coach Mike Vrabel noted that he wants his young offense to get stronger this offseason and New England's signing of a starting guard, fullback, and blocking tight end seems to follow suit. ​As we turn our attention to their draft approach, the looming question hanging over the Patriots draft plans is a reported pursuit of Eagles star WR A.J. Brown. New England has reportedly been in contact with Philly about trading for Brown, who would give them a bona fide No. 1 receiver to play alongside Doubs to form a legitimate one-two punch. From a financial standpoint, it makes more sense for the Eagles to trade Brown after June 1st, when the dead money remaining on his contract would be lessened on the Eagles cap sheet.",https://www.patriots.com/news/lazar-s-mock-draft-1-0-patriots-prepare-for-the-future-at-key-positions?utm_source=nflmockdraftdatabase&utm_medium=website&utm_content=read_mock_link,https://www.nflmockdraftdatabase.com/big-boards/2026/consensus-big-board-2026,https://www.nflmockdraftdatabase.com/mock-drafts/2026/final-scores,,,False,False,False,04/06/2026 09:06pm CDT,0,ezlazar,False,False,10,1,new-england-patriots,New England Patriots,2026
team-mock-drafts,2026,team_mocks/Show-0,/team-mock-drafts/2026/falcons-si-2026-garrett-chapman?date=2026-03-29,https://www.nflmockdraftdatabase.com/team-mock-drafts/2026/falcons-si-2026-garrett-chapman?date=2026-03-29,SI,Garrett Chapman,03/29/26,Post-NFL Free Agency Atlanta Falcons Mock Draft Goes Local : Who are the Atlanta Falcons targeting in the NFL Draft after free agency gave us a good look at their priorities?,"The Atlanta Falcons are less than a month away from the 2026 NFL Draft in Pittsburgh, and their free agency moves have provided plenty of context for their likely plans. New general manager Ian Cunningham has been on the record that 'best player available' will be his strategy, and the Falcons will have plenty of players at their disposal. They will still be a bit shorthanded with picks, sitting with just five selections overall - 2-48, 3-79, 4-22 (via Philadelphia Eagles), 6-215 (via Philadelphia Eagles), and 7-231. Those selections look a bit different after the Falcons traded for safety Sydney Brown, and it would not be all that surprising to see them look to make some more moves between now and their selections in April. Now that we have cleared the meat of free agency, the blueprint for this draft class is starting to take shape. With this in mind, Falcons OnSI took a swing at a seven-round mock draft for this franchise.",https://www.si.com/nfl/falcons/onsi/news/post-nfl-free-agency-atlanta-falcons-mock-draft-goes-local?utm_source=nflmockdraftdatabase&utm_medium=website&utm_content=read_mock_link,https://www.nflmockdraftdatabase.com/big-boards/2026/consensus-big-board-2026,https://www.nflmockdraftdatabase.com/mock-drafts/2026/final-scores,,,False,False,False,04/05/2026 09:24pm CDT,0,gchapatl,False,False,5,1,atlanta-falcons,Atlanta Falcons,2026
team-mock-drafts,2026,team_mocks/Show-0,/team-mock-drafts/2026/cowboys-cbs-2026-garrett-podell?date=2026-03-30,https://www.nflmockdraftdatabase.com/team-mock-drafts/2026/cowboys-cbs-2026-garrett-podell?date=2026-03-30,CBS,Garrett Podell,03/30/26,Cowboys seven-round mock draft: Dallas goes all in on defense in push for postseason return : The Cowboys' defense was one of the worst in franchise history last season.,"The Dallas Cowboys' 7-9-1 record in 2025 came to be because of an explosive offense and the NFL's worst defense. Quarterback Dak Prescott profiled as the NFL's third-leading passer with 4,552 yards through the air. Wide receiver George Pickens ranked third in the league in receiving yards (1,429). Running back Javonte Williams ranked ninth in the league in rushing yards (1,201). Wide receiver CeeDee Lamb ranked 11th in the league in receiving yards (1,077) even though he missed three games with an ankle injury. None of that mattered with Dallas surrendering an NFL-worst 30.1 points per game. That scoring defense figure stands as the second-most points per game allowed in the 66-season history of the Cowboys. Only Dallas' inaugural 1960 team -- the one that went 0-11-1 -- was worse. ""Being in a year where I can't say [for] probably one of the first times that my play directly... correlated to the record or making the playoffs, it's been tough,"" Prescott said on Jan. 1. ""It just goes back to me just as a leader trying to figure out ways to influence other guys in the locker room, not just on offense but on defense. Influence everything from the way that they approach the game, the way that they treat life at home and just letting them know how important all that is. It goes hand in hand when you're trying to be the best player on the field.""",https://www.cbssports.com/nfl/news/cowboys-seven-round-mock-draft-nfl-2026/?utm_source=nflmockdraftdatabase&utm_medium=website&utm_content=read_mock_link,https://www.nflmockdraftdatabase.com/big-boards/2026/consensus-big-board-2026,https://www.nflmockdraftdatabase.com/mock-drafts/2026/final-scores,,,False,False,False,04/06/2026 09:04pm CDT,1,garrettpodell,False,False,8,1,dallas-cowboys,Dallas Cowboys,2026
team-mock-drafts,2026,team_mocks/Show-0,/team-mock-drafts/2026/chiefs-si-2026-jared-feinberg?date=2026-04-03,https://www.nflmockdraftdatabase.com/team-mock-drafts/2026/chiefs-si-2026-jared-feinberg?date=2026-04-03,SI,Jared Feinberg,04/03/26,"4-Round Kansas City Chiefs Mock Draft Following Pro Days : Pro Days are ramping down across the country, and it is time to share a brand-new Kansas City Chiefs four-round mock draft with three weeks left until the NFL Draft.","The Kansas City Chiefs are three weeks away from making their first of two first-round selections in the 2026 NFL Draft. With the No. 9 overall selection, general manager Brett Veach and head coach Andy Reid are in a terrific spot to acquire ample talent early in the draft to increase their hopes of reaching the postseason. As collegiate Pro Day begins to ramp down, I thought it would be a great time to share a brand-new mock draft for the Chiefs. This time, I'm designating it as a ""what would I do"" mock draft to showcase how I would approach each selection in the first four rounds of the draft for Kansas City. Let's make the armchair general manager's dream come true.",https://www.si.com/nfl/chiefs/onsi/4-round-kansas-city-mock-draft-following-pro-days?utm_source=nflmockdraftdatabase&utm_medium=website&utm_content=read_mock_link,https://www.nflmockdraftdatabase.com/big-boards/2026/consensus-big-board-2026,https://www.nflmockdraftdatabase.com/mock-drafts/2026/final-scores,,,False,False,False,04/10/2026 12:34pm CDT,0,JRodNFLDraft,False,False,5,3,kansas-city-chiefs,Kansas City Chiefs,2026
team-mock-drafts,2026,team_mocks/Show-0,/team-mock-drafts/2026/browns-dawgs-by-nature-2026-jared-mueller?date=2026-04-03,https://www.nflmockdraftdatabase.com/team-mock-drafts/2026/browns-dawgs-by-nature-2026-jared-mueller?date=2026-04-03,Dawgs By Nature,Jared Mueller,04/03/26,"Browns mock draft: Skipping OT, QB early leads to interesting 2026 haul : What if Dawand Jones is the starting LT? A Cleveland Browns mock draft with no QB or OT in the first 2 rounds","The “March” to the 2026 NFL draft has turned the corner to April, and the final countdown. For the Cleveland Browns, this year’s draft looks like to join last year’s in helping build the foundation of what the team will be in the future. In 2025, GM Andrew Berry added key players in the front seven of the defense, a stud running back, and a top-flight tight end. This year, it seems likely an offensive tackle and wide receiver will be added to that list, but Berry has a lot of draft capital to work with. A quarterback seems unlikely, at least high in the draft. What if the Browns really do believe that Dawand Jones, fresh off his basketball workouts, can be counted on as the team’s starting left tackle in 2026?",https://www.dawgsbynature.com/cleveland-browns-nfl-draft/121240/browns-mock-draft-dawand-jones-kenyon-sadiq-kc-concepcion-denzel-boston-2026?utm_source=nflmockdraftdatabase&utm_medium=website&utm_content=read_mock_link,https://www.nflmockdraftdatabase.com/big-boards/2026/consensus-big-board-2026,https://www.nflmockdraftdatabase.com/mock-drafts/2026/final-scores,,,False,False,False,04/10/2026 12:33pm CDT,0,JaredKMueller,False,False,10,8,cleveland-browns,Cleveland Browns,2026
team-mock-drafts,2026,team_mocks/Show-0,/team-mock-drafts/2026/steelers-last-word-on-sports-2026-jason-klingensmith?date=2026-03-28,https://www.nflmockdraftdatabase.com/team-mock-drafts/2026/steelers-last-word-on-sports-2026-jason-klingensmith?date=2026-03-28,Last Word on Sports,Jason Klingensmith,03/28/26,"Pittsburgh Steelers 2026 7-Round Mock Draft 1.0 : The Steelers are entering the first draft of the Mike McCarthy era. With 12 total picks, the Steelers can be as aggressive as they want.","With the 2026 NFL Draft only a month away, teams are starting to shift their focus from free agency and toward the draft. Two weeks of free agency have passed. All 32 franchises have a clearer picture of what their team will look like in 2026. The Pittsburgh Steelers are still a work in progress. After making several notable additions since the new league year began, needs remain. Now is the perfect time to unveil my Pittsburgh Steelers 2026 7-round mock draft 1.0.",https://lastwordonsports.com/nfl/2026/03/28/pittsburgh-steelers-2026-7-round-mock-draft-1-0/?utm_source=nflmockdraftdatabase&utm_medium=website&utm_content=read_mock_link,https://www.nflmockdraftdatabase.com/big-boards/2026/consensus-big-board-2026,https://www.nflmockdraftdatabase.com/mock-drafts/2026/final-scores,,,False,False,False,04/04/2026 08:58am CDT,0,klinger2069,False,False,8,1,pittsburgh-steelers,Pittsburgh Steelers,2026
team-mock-drafts,2026,team_mocks/Show-0,/team-mock-drafts/2026/cardinals-cards-wire-2026-jess-root?date=2026-03-29,https://www.nflmockdraftdatabase.com/team-mock-drafts/2026/cardinals-cards-wire-2026-jess-root?date=2026-03-29,Cards Wire,Jess Root,03/29/26,"NFL mock draft: Another 7-round Arizona Cardinals simulation : In this seven-round simulation, the Cardinals make one trade and land players to fill many needs.","We are at the end of another week in the offseason and are four weeks from the 2026 NFL draft being completed. It's time for another seven-round mock draft for the Arizona Cardinals. In this seven-round mock draft using Pro Football Network's simulator, the Cardinals mostly stay with their picks. They do make one trade back in Round 3, sending pick No. 65 to the Cincinnati Bengals for No. 72 and No. 119.",https://cardswire.usatoday.com/story/sports/nfl/cardinals/2026/03/29/nfl-mock-draft-another-7-round-arizona-cardinals-simulation/89377910007/?utm_source=nflmockdraftdatabase&utm_medium=website&utm_content=read_mock_link,https://www.nflmockdraftdatabase.com/big-boards/2026/consensus-big-board-2026,https://www.nflmockdraftdatabase.com/mock-drafts/2026/final-scores,,,False,False,False,04/05/2026 09:22pm CDT,0,senorjessroot,False,False,8,3,arizona-cardinals,Arizona Cardinals,2026
team-mock-drafts,2026,team_mocks/Show-0,/team-mock-drafts/2026/lions-pride-of-detroit-2026-jimmy-liao?date=2026-04-01,https://www.nflmockdraftdatabase.com/team-mock-drafts/2026/lions-pride-of-detroit-2026-jimmy-liao?date=2026-04-01,Pride of Detroit,Jimmy Liao,04/01/26,Detroit Lions medical NFL mock draft: High-risk edition : A look at what a high-risk Detroit Lions 2026 NFL mock draft could look like.,"Previously, I posted my first Detroit Lions medical mock draft: low-risk edition. Now, let's take a look at what a high-risk draft might look like for the Lions. Here is the excerpt of my Detroit Lions medical mock draft: high-risk edition. Here's the full 2026 NFL draft medical Big Board.",https://lionswire.usatoday.com/story/sports/nfl/lions/2026/04/01/detroit-lions-medical-mock-draft-high-risk-edition/89387193007/?utm_source=nflmockdraftdatabase&utm_medium=website&utm_content=read_mock_link,https://www.nflmockdraftdatabase.com/big-boards/2026/consensus-big-board-2026,https://www.nflmockdraftdatabase.com/mock-drafts/2026/final-scores,,,False,False,False,04/08/2026 09:43pm CDT,0,JimmyLiaoMD,False,False,7,1,detroit-lions,Detroit Lions,2026
team-mock-drafts,2026,team_mocks/Show-0,/team-mock-drafts/2026/broncos-broncos-wire-2026-jon-heath?date=2026-04-02,https://www.nflmockdraftdatabase.com/team-mock-drafts/2026/broncos-broncos-wire-2026-jon-heath?date=2026-04-02,Broncos Wire,Jon Heath,04/02/26,NFL mock draft: 7-round predictions for Broncos with trades : Here's our latest seven-round NFL mock draft prediction for the Broncos.,"We are now exactly three weeks away from the 2026 NFL draft, and it's time for an updated seven-round mock draft for the Denver Broncos. We're doing something a little different with today's mock draft. Broncos general manager George Paton has a habit of making draft-day trades, but those trades are impossible to predict. So this mock includes picks without round designations with the assumption that Paton could move up (and down) the board a few times during the draft. Take, for example, Denver holding two picks in the fourth round but no picks in the third round. Paton could package those picks to move into the third if there's a player available that they covet. The Broncos also hold three picks in the seventh round, but none in the sixth. That's another potential spot to move up. So, with several trades assumed, this mock includes five picks (Denver would probably prefer to make more than that). Here's how it shakes out:",https://broncoswire.usatoday.com/story/sports/nfl/broncos/2026/04/02/nfl-mock-draft-broncos-predictions/89401575007/?utm_source=nflmockdraftdatabase&utm_medium=website&utm_content=read_mock_link,https://www.nflmockdraftdatabase.com/big-boards/2026/consensus-big-board-2026,https://www.nflmockdraftdatabase.com/mock-drafts/2026/final-scores,,,False,False,False,04/09/2026 02:36pm CDT,0,ByJonHeath,False,False,5,2,denver-broncos,Denver Broncos,2026
team-mock-drafts,2026,team_mocks/Show-0,/team-mock-drafts/2026/buccaneers-pewter-plank-2026-josh-crysler?date=2026-04-05,https://www.nflmockdraftdatabase.com/team-mock-drafts/2026/buccaneers-pewter-plank-2026-josh-crysler?date=2026-04-05,Pewter Plank,Josh Crysler,04/05/26,"Tampa Bay Buccaneers 7-Round Mock Draft: Latest Predictions for the 2026 NFL Draft : In Josh Crysler’s latest Tampa Bay Buccaneers mock draft, Todd Bowles' defense gets a major upgrade.","The Tampa Bay Buccaneers are preparing for a pivotal 2026 NFL Draft. The 2025 season ended disastrously for the Bucs, falling from a 6-2 start to an eventual 8-9 record. Head coach Todd Bowles is firmly on the hot seat, and another poor showing could lead ownership to push the reset button. Jason Licht and the front office need to pull a rabbit out of their hat to address the multitude of holes on this roster and get the Bucs back into playoff contention.",https://thepewterplank.com/buccaneers-7-round-mock-draft-latest-predictions-2026-nfl-draft?utm_source=nflmockdraftdatabase&utm_medium=website&utm_content=read_mock_link,https://www.nflmockdraftdatabase.com/big-boards/2026/consensus-big-board-2026,https://www.nflmockdraftdatabase.com/mock-drafts/2026/final-scores,,,False,False,False,04/12/2026 09:51pm CDT,0,josh_crysler,False,False,8,4,tampa-bay-buccaneers,Tampa Bay Buccaneers,2026
team-mock-drafts,2026,team_mocks/Show-0,/team-mock-drafts/2026/bears-windy-city-gridiron-2026-khari-thompson?date=2026-03-28,https://www.nflmockdraftdatabase.com/team-mock-drafts/2026/bears-windy-city-gridiron-2026-khari-thompson?date=2026-03-28,Windy City Gridiron,Khari Thompson,03/28/26,A three-round mock to fix the Bears’ defense in the 2026 NFL Draft : How about an all-defense three-round mock draft to get the Bears back on track? Check out what @kdthompson5 mocked here:,"With their offense more or less locked in for 2026 (aside from some offensive line depth), the Chicago Bears look poised to use the majority of their top four picks in Rounds 1-3 on the defensive side of the ball. At least, that’s what you’d expect. (Aside from offensive tackle, it’s hard to think of a position they’d consider taking inside of a defensive one.) But what do they prioritize? And which guys fit what Dennis Allen’s defense wants?",https://www.windycitygridiron.com/chicago-bears-draft/113470/nfl-mock-draft-to-fix-chicago-bears-defense-in-the-2026-christian-miller?utm_source=nflmockdraftdatabase&utm_medium=website&utm_content=read_mock_link,https://www.nflmockdraftdatabase.com/big-boards/2026/consensus-big-board-2026,https://www.nflmockdraftdatabase.com/mock-drafts/2026/final-scores,,,False,False,False,04/04/2026 10:02pm CDT,0,kdthompson5,False,False,4,1,chicago-bears,Chicago Bears,2026
team-mock-drafts,2026,team_mocks/Show-0,/team-mock-drafts/2026/raiders-just-blog-baby-2026-levi-dombro?date=2026-04-05,https://www.nflmockdraftdatabase.com/team-mock-drafts/2026/raiders-just-blog-baby-2026-levi-dombro?date=2026-04-05,Just Blog Baby,Levi Dombro,04/05/26,Raiders' latest 7-round 2026 NFL mock draft as calendar flips to April : The latest 7-round 2026 NFL mock draft for the Las Vegas Raiders as the calendar flips to April.,"The calendar has now flipped to April, which means that the Las Vegas Raiders are inching closer and closer to being on the clock to start the 2026 NFL Draft. Fernando Mendoza's will all but certainly be the first name called, but too many unpredictable things will happen before the Raiders pick again. John Spytek established himself as a general manager who likes to trade back on Day 2 of the event as well, so it really is a mystery what Las Vegas will do. But based on how the team has attacked free agency and who they're meeting with in the pre-draft process, the picture is becoming a bit clearer. We chose not to trade back in this simulation, for simplicity's sake, but the Silver and Black were still able to address a multitude of needs with their 10 selections. Here's our latest attempt at a seven-round mock draft, with the event lurking just around the corner.",https://justblogbaby.com/raiders-latest-7-round-2026-nfl-mock-draft-as-calendar-flips-to-april?utm_source=nflmockdraftdatabase&utm_medium=website&utm_content=read_mock_link,https://www.nflmockdraftdatabase.com/big-boards/2026/consensus-big-board-2026,https://www.nflmockdraftdatabase.com/mock-drafts/2026/final-scores,,,False,False,False,04/12/2026 09:31pm CDT,0,leviidombroo,False,False,10,11,las-vegas-raiders,Las Vegas Raiders,2026
team-mock-drafts,2026,team_mocks/Show-0,/team-mock-drafts/2026/chiefs-arrowhead-addict-2026-lyle-graversen?date=2026-03-30,https://www.nflmockdraftdatabase.com/team-mock-drafts/2026/chiefs-arrowhead-addict-2026-lyle-graversen?date=2026-03-30,Arrowhead Addict,Lyle Graversen,03/30/26,Chiefs 7 round mock draft rebuilds roster with bold early moves : This Kansas City Chiefs 7-round mock draft puts an emphasis on players that fit the Chiefs and are most likely to still be on the board when KC picks.,"The 2026 NFL Draft is only a little over three weeks away, and the Kansas City Chiefs find themselves with more early picks than at any other time in the Patrick Mahomes era. Not only does KC have a top-ten pick, but they have three picks in the top 40 and eight in the first five rounds of the draft. Simply put, they have a chance to restock their roster with a lot of young talent. For this mock draft, there won't be any trades, instead focusing on prospects at each of KC's original draft slots that both fit what they like to target in players. While putting this mock together, I also consulted the Consensus Big Board and Pro Football Focus' Big Board to see both where the vast majority of experts and analytics think players will go. Yes, there are players that I would rather take at some of these pick slots, but this isn't a ""dream scenario"" mock. Let's get to the picks.",https://arrowheadaddict.com/chiefs-7-round-mock-draft-rebuilds-roster-with-bold-early-moves-01kmwvsgvx3c?utm_source=nflmockdraftdatabase&utm_medium=website&utm_content=read_mock_link,https://www.nflmockdraftdatabase.com/big-boards/2026/consensus-big-board-2026,https://www.nflmockdraftdatabase.com/mock-drafts/2026/final-scores,,,False,False,False,04/06/2026 08:22am CDT,0,LyleGraversen,False,False,9,1,kansas-city-chiefs,Kansas City Chiefs,2026
team-mock-drafts,2026,team_mocks/Show-0,/team-mock-drafts/2026/cowboys-inside-the-star-2026-mark-heaney?date=2026-03-30,https://www.nflmockdraftdatabase.com/team-mock-drafts/2026/cowboys-inside-the-star-2026-mark-heaney?date=2026-03-30,Inside The Star,Mark Heaney,03/30/26,"7-Round Dallas Cowboys Mock Draft with Trades » Inside The Star : It may seem hard to believe, but we have only four ""Mock Draft Mondays"" left in the 2026 NFL Draft cycle, so you have to make them count!","It may seem hard to believe, but we have only four “Mock Draft Mondays” left in the 2026 NFL Draft cycle, so you have to make them count! Of course, the Dallas Cowboys desperately need to make their real-life picks count when Roger Goodell starts rattling off names on April 23rd, and that’s what I’ll cover in today’s mock draft. Here’s how I’m going to conduct it: I’ll be using PFF’s Mock Draft Simulator tool, but for the first round, I’ll be making each pick based on what I actually think is going to happen based on visits and noise floating around the draft world. As far as the other 31 teams are concerned, I’ll let the simulator take over for rounds 2–7, but Dallas’s first two selections will be based on where I believe things stand as of today, league-wide, not the randomness of a simulation. So, without further ado, let’s get into this seven-round Cowboys mock draft!",https://insidethestar.com/7-round-dallas-cowboys-mock-draft-with-trades?utm_source=nflmockdraftdatabase&utm_medium=website&utm_content=read_mock_link,https://www.nflmockdraftdatabase.com/big-boards/2026/consensus-big-board-2026,https://www.nflmockdraftdatabase.com/mock-drafts/2026/final-scores,,,False,False,False,04/06/2026 08:23am CDT,0,HeaneyNFLDraft,False,False,9,1,dallas-cowboys,Dallas Cowboys,2026
team-mock-drafts,2026,team_mocks/Show-0,/team-mock-drafts/2026/patriots-pats-pulpit-2026-matt-lane?date=2026-03-30,https://www.nflmockdraftdatabase.com/team-mock-drafts/2026/patriots-pats-pulpit-2026-matt-lane?date=2026-03-30,Pats Pulpit,Matt Lane,03/30/26,"7-round mock draft: Patriots build through the trenches : The Patriots add a starting offensive tackle, a talented edge, and more in this new NFL mock draft.","While it’s not April yet, we’re less than a month away from the NFL Draft, and things have started happening. We’ve seen the New England Patriots show interest in a bunch of different players, and some extra interest, perhaps, in the first player of this mock. Let’s get into it. A reminder that I’ve included the current ranking of the players in the Mock Draft Database for context and that you can find my previous mock drafts: 1.0 | 2.0 | 3.0",https://www.patspulpit.com/new-england-patriots-draft/125040/7-round-mock-draft-max-iheanachor-offensive-tackle-need?utm_source=nflmockdraftdatabase&utm_medium=website&utm_content=read_mock_link,https://www.nflmockdraftdatabase.com/big-boards/2026/consensus-big-board-2026,https://www.nflmockdraftdatabase.com/mock-drafts/2026/final-scores,,,False,False,False,04/06/2026 08:23am CDT,0,ChiefinCarolina,False,False,9,1,new-england-patriots,New England Patriots,2026
team-mock-drafts,2026,team_mocks/Show-0,/team-mock-drafts/2026/patriots-si-2026-mike-d-abate?date=2026-03-29,https://www.nflmockdraftdatabase.com/team-mock-drafts/2026/patriots-si-2026-mike-d-abate?date=2026-03-29,SI,Mike D'Abate,03/29/26,Patriots 7-Round Mock Draft 1.0: Bolstering the Edge : Will the New England Patriots opt for a future star at edge rusher with the No. 31 pick in the 2026 NFL Draft?,"With the first wave of free agency firmly behind them, the New England Patriots have collectively turned their attention to the upcoming NFL Draft. The Pats currently possess 11 selections, with several needs on their roster. Needless to say, they will be among the busiest, and most watched, teams on draft weekend. While a trade or two cannot be ruled out (in fact, it is a very likely scenario), it is assumed that the Patriots will make all eleven selections for the sake of this argument. Without further ado, here is New England Patriots On SI’s inaugural attempt at a seven-round 2026 mock draft for the team.",https://www.si.com/nfl/patriots/onsi/news/new-england-patriots-7-round-mock-draft-bolstering-edge?utm_source=nflmockdraftdatabase&utm_medium=website&utm_content=read_mock_link,https://www.nflmockdraftdatabase.com/big-boards/2026/consensus-big-board-2026,https://www.nflmockdraftdatabase.com/mock-drafts/2026/final-scores,,,False,False,False,04/05/2026 09:20pm CDT,0,mdabateNFL,False,False,11,2,new-england-patriots,New England Patriots,2026
team-mock-drafts,2026,team_mocks/Show-0,/team-mock-drafts/2026/patriots-patriots-com-2026-mike-dussault?date=2026-03-30,https://www.nflmockdraftdatabase.com/team-mock-drafts/2026/patriots-patriots-com-2026-mike-dussault?date=2026-03-30,Patriots.com,Mike Dussault,03/30/26,"Deuce's Mock Draft 1.0: Patriots Double Dip at Multiple Spots : Reinforcing the 2026 Patriots with a 11-player draft class that double dips at edge, receiver and tight end.","With the biggest pieces of free agency taken care of and less than a month to go before the NFL Draft, it's time to dive into the first mock draft of the spring. This year's draft class features strong edge, linebacker and tight end groups, while there are once again plenty of intriguing wide receivers who could provide a boost to the Patriots offense. This is a traits-and-development-heavy haul, but one that left me wanting more along the offensive line and perhaps more explosiveness from the edge positions. These are things to consider in mock draft 2.0. Still, there are plenty of high-ceiling players here, ones that play with the style of ""effort and finish"" that Mike Vrabel demands, and who could add plenty of intrigue to the Patriots growing foundation. Here's Deuce's mock draft 1.0!",https://www.patriots.com/news/deuce-s-mock-draft-1-0-patriots-double-dip-at-multiple-spots?utm_source=nflmockdraftdatabase&utm_medium=website&utm_content=read_mock_link,https://www.nflmockdraftdatabase.com/big-boards/2026/consensus-big-board-2026,https://www.nflmockdraftdatabase.com/mock-drafts/2026/final-scores,,,False,False,False,04/07/2026 11:29am CDT,0,MikeDussault19,False,False,11,1,new-england-patriots,New England Patriots,2026
team-mock-drafts,2026,team_mocks/Show-0,/team-mock-drafts/2026/lions-sidelion-report-2026-mike-luciano?date=2026-03-29,https://www.nflmockdraftdatabase.com/team-mock-drafts/2026/lions-sidelion-report-2026-mike-luciano?date=2026-03-29,Sidelion Report,Mike Luciano,03/29/26,Dream Lions 7-round mock draft delivers another Brad Holmes masterclass : This Detroit Lions 7-round 2026 NFL Mock Draft has them using premium picks on a new left tackle and a pass rusher they can add later.,"The Detroit Lions need to knock it out of the park in the 2026 NFL Draft, as failing to do so could lead to some of the other contenders in the deep NFC North starting to pass them following a subpar 9-8 season. The Lions not only need to find some offensive linemen that can help mitigate the loss of some long-time starters, but their defensive line needs an impact playmaker and David Montgomery must be replaced. This seven-round 2026 NFL Mock Draft does as good a job as any when it comes to addressing this team's biggest needs and finding adequate value.",https://sidelionreport.com/dream-lions-7-round-mock-draft-delivers-another-brad-holmes-masterclass?utm_source=nflmockdraftdatabase&utm_medium=website&utm_content=read_mock_link,https://www.nflmockdraftdatabase.com/big-boards/2026/consensus-big-board-2026,https://www.nflmockdraftdatabase.com/mock-drafts/2026/final-scores,,,False,False,False,04/05/2026 03:28pm CDT,0,ByMikeLuciano,False,False,9,2,detroit-lions,Detroit Lions,2026
team-mock-drafts,2026,team_mocks/Show-0,/team-mock-drafts/2026/packers-lombardi-ave-2026-mike-luciano?date=2026-03-29,https://www.nflmockdraftdatabase.com/team-mock-drafts/2026/packers-lombardi-ave-2026-mike-luciano?date=2026-03-29,Lombardi Ave,Mike Luciano,03/29/26,"Packers 7-round mock draft fixes problems Brian Gutekunst can no longer ignore : Even without a first-round pick, the Packers can land upgrades at cornerback, defensive tackle, and edge-rusher.","The Green Bay Packers are a markedly worse team after the initial free-agent frenzy, having lost multiple impactful players at key positions without spending a ton to replace them. The 2026 NFL Draft, which was already going to require some expert scouting from Brian Gutekunst due to the lack of a first-round pick, is now going to be even more important. The secondary and defensive line rooms are depleted, and they need young talent to get this unit back on track. Perhaps if the Packers try to focus on the positions of need identified in this 2026 NFL mock draft, they could grind out a successful few days at the office by adding multiple contributors.",https://lombardiave.com/packers-7-round-mock-draft-fixes-problems-brian-gutekunst-can-no-longer-ignore?utm_source=nflmockdraftdatabase&utm_medium=website&utm_content=read_mock_link,https://www.nflmockdraftdatabase.com/big-boards/2026/consensus-big-board-2026,https://www.nflmockdraftdatabase.com/mock-drafts/2026/final-scores,,,False,False,False,04/05/2026 03:28pm CDT,0,ByMikeLuciano,False,False,7,3,green-bay-packers,Green Bay Packers,2026
team-mock-drafts,2026,team_mocks/Show-0,/team-mock-drafts/2026/bears-bears-wire-2026-mike-pendleton?date=2026-04-02,https://www.nflmockdraftdatabase.com/team-mock-drafts/2026/bears-bears-wire-2026-mike-pendleton?date=2026-04-02,Bears Wire,Mike Pendleton,04/02/26,"Bears 7-round mock draft: Chicago shores up offense, defense trenches : With the 2026 NFL Draft just a few weeks away, here's our latest Chicago Bears mock draft featuring seven rounds of picks.","The 2026 NFL Draft is just weeks away, so the anticipation and focus is ramping up as the Chicago Bears look to improve their roster going into the 2026 season. Recently, head coach Ben Johnson said he doesn't want to hear anything more about the success the team had in 2025, when they won the NFC North title, won 11 games, and made it to the NFC divisional playoff round, so the focus is fully on the 2026 season. With several veterans departing on both offense and defense, while adding extra draft capital in the trade that sent DJ Moore to the Buffalo Bills, Johnson and general manager Ryan Poles have plenty of ammunition to attack the draft. This could shape out to be a draft in which the Bears focus heavy on the draft or simply using their approach of taking the best available player in each round.",https://bearswire.usatoday.com/story/sports/nfl/bears/2026/04/02/bears-mock-draft-7-rounds-malachi-lawrence-sam-hecht/89430641007/?utm_source=nflmockdraftdatabase&utm_medium=website&utm_content=read_mock_link,https://www.nflmockdraftdatabase.com/big-boards/2026/consensus-big-board-2026,https://www.nflmockdraftdatabase.com/mock-drafts/2026/final-scores,,,False,False,False,04/09/2026 02:41pm CDT,0,MP2310,False,False,7,5,chicago-bears,Chicago Bears,2026
team-mock-drafts,2026,team_mocks/Show-0,/team-mock-drafts/2026/raiders-just-blog-baby-2026-nick-popio?date=2026-03-28,https://www.nflmockdraftdatabase.com/team-mock-drafts/2026/raiders-just-blog-baby-2026-nick-popio?date=2026-03-28,Just Blog Baby,Nick Popio,03/28/26,Raiders land boatloads of quality depth in Day 3-only 2026 NFL mock draft : The Las Vegas Raiders land boatloads of quality depth in this Day 3-only 2026 NFL mock draft.,"Although fans of the Las Vegas Raiders are looking forward to April 23 so they can finally see Fernando Mendoza don the Silver and Black for the first time, the work will actually just be starting that night. Saturday, April 25, will actually be an arguably busier day for John Spytek and Co. Las Vegas has seven draft picks on Day 3 of the 2026 NFL Draft, as it stands now, but action will be fast and furious throughout the league like it always is later in the event. In this simulation, the Raiders go with the Heisman Trophy-winner first overall and land a cornerback and wide receiver on Day 2. But here's a look at who the regime could target with their reserve of ammunition in Rounds 4 through 7 to add depth throughout the roster and maybe even an eventual starter or two on the weekend.",https://justblogbaby.com/raiders-land-boatloads-of-quality-depth-in-day-3-only-2026-nfl-mock-draft?utm_source=nflmockdraftdatabase&utm_medium=website&utm_content=read_mock_link,https://www.nflmockdraftdatabase.com/big-boards/2026/consensus-big-board-2026,https://www.nflmockdraftdatabase.com/mock-drafts/2026/final-scores,,,False,False,False,04/04/2026 09:01am CDT,0,Nick_Popio21,False,False,7,3,las-vegas-raiders,Las Vegas Raiders,2026
team-mock-drafts,2026,team_mocks/Show-0,/team-mock-drafts/2026/bears-si-2026-pete-martuneac?date=2026-03-30,https://www.nflmockdraftdatabase.com/team-mock-drafts/2026/bears-si-2026-pete-martuneac?date=2026-03-30,SI,Pete Martuneac,03/30/26,"7-Round 2026 NFL Mock Draft Sees Bears Trade Back But Still Land Defensive Star : Adding extra selections should be a priority for the Chicago Bears in the 2026 NFL draft, especially if they can still land an immediate starter.","The 2026 NFL offseason has been an odd one for the Chicago Bears. After a successful season, which saw the Bears win the NFC North crown and deliver a miraculous Wild Card win over the Green Bay Packers, there's not much about the on-field product to talk about. Instead, the most talked-about narratives include the Bears' ongoing stadium predicament, with more signs emerging that the new stadium will be in Indiana, and a dumb argument about whether George Gervin or Caleb Williams deserves the Iceman nickname. I say it's time for the fans to forget about all of that outside noise and focus on the upcoming 2026 NFL draft, and what better way to do that than with a seven-round mock draft? In this mock draft, I have general manager Ryan Poles trade back in the draft three times, acquiring two extra selections and moving up a bit with their third-rounder. In the first round, the Bears trade back two spots with the San Francisco 49ers, sending the 49ers No. 89 and receiving No. 58. But Ryan Poles isn't done, as he sends his own second-round pick (No. 57) to the Jacksonville Jaguars for No. 81, which was traded again to the Pittsburgh Steelers alongside a future fourth-round pick for No. 85 and No. 121, and No. 88. That leaves Chicago with nine total selections in this draft, and here's what I have them doing with their new draft order.",https://www.si.com/nfl/bears/onsi/draft/7-round-2026-nfl-mock-draft-sees-bears-trade-back-but-still-land-defensive-star?utm_source=nflmockdraftdatabase&utm_medium=website&utm_content=read_mock_link,https://www.nflmockdraftdatabase.com/big-boards/2026/consensus-big-board-2026,https://www.nflmockdraftdatabase.com/mock-drafts/2026/final-scores,,,False,False,False,04/06/2026 09:10pm CDT,0,Pete_Chi_Fan,False,False,9,9,chicago-bears,Chicago Bears,2026
team-mock-drafts,2026,team_mocks/Show-0,/team-mock-drafts/2026/commanders-hogs-haven-2026-ryan-fowler?date=2026-04-04,https://www.nflmockdraftdatabase.com/team-mock-drafts/2026/commanders-hogs-haven-2026-ryan-fowler?date=2026-04-04,Hogs Haven,Ryan Fowler,04/04/26,2026 Washington Commanders Mock Draft - Less Than Three Weeks Away : 2026 Washington Commanders Mock Draft - April Edition,"It’s a huge April in Washington for all involved. Following a free agency period that leaned into adding physicality, defensive multiplicity, and most importantly, youth, the front office’s focus now shifts to it’s six picks in the draft. With holes still evident on either side of the ball, prioritizing impact defenders early and high-upside playmakers late was a focus in this 7-round exercise. With all things considered including scheme fit, projection, and information from sources around football, here’s my one, and only, full 7-round mock for the Washington Commanders just a few weeks away from draft night:",https://www.hogshaven.com/washington-commanders-draft/408639/2026-washington-commanders-mock-draft-less-than-three-weeks-away?utm_source=nflmockdraftdatabase&utm_medium=website&utm_content=read_mock_link,https://www.nflmockdraftdatabase.com/big-boards/2026/consensus-big-board-2026,https://www.nflmockdraftdatabase.com/mock-drafts/2026/final-scores,,,False,False,False,04/11/2026 04:06pm CDT,0,RyanCFowler,False,False,6,2,washington-commanders,Washington Commanders,2026
team-mock-drafts,2026,team_mocks/Show-0,/team-mock-drafts/2026/cowboys-the-landry-hat-2026-sayre-bedinger?date=2026-04-01,https://www.nflmockdraftdatabase.com/team-mock-drafts/2026/cowboys-the-landry-hat-2026-sayre-bedinger?date=2026-04-01,The Landry Hat,Sayre Bedinger,04/01/26,"New 7-round mock draft sees Cowboys trade George Pickens, select stud wide receiver : This Dallas Cowboys mock draft scenario includes a George Pickens trade as well as an early pick at wide receiver.","With just one month before the 2026 NFL Draft, you might as well not leave any stones unturned when it comes to the Dallas Cowboys and potential mock draft scenarios. For almost the entire offseason, the Cowboys have been projected to use both of their first-round picks on the defensive side of the ball, but Brian Schottenheimer has recently pushed back on that idea a little bit. Maybe it's just coachspeak, or maybe they're trying to actually warn the fan base. We'll see if the Cowboys can come to an agreement before the 2026 NFL Draft on a long-term deal for star receiver George Pickens, but if the Micah Parsons situation has taught us anything, it's that the team will draw a proverbial line in the sand and not cross it. Jerry Jones is not afraid to strike a deal. We're going to take a look at a 3-round mock draft scenario where the Cowboys get a value at receiver they can't pass up at 12 overall, and then deal Pickens to the highest bidder for more darts to throw.",https://thelandryhat.com/dallas-cowboys-shockingly-trade-george-pickens-select-star-wr-new-mock-draft?utm_source=nflmockdraftdatabase&utm_medium=website&utm_content=read_mock_link,https://www.nflmockdraftdatabase.com/big-boards/2026/consensus-big-board-2026,https://www.nflmockdraftdatabase.com/mock-drafts/2026/final-scores,,,False,False,False,04/08/2026 09:15am CDT,1,SayreBedinger,False,False,5,3,dallas-cowboys,Dallas Cowboys,2026
team-mock-drafts,2026,team_mocks/Show-0,/team-mock-drafts/2026/ravens-twsn-2026-steve-bradshaw?date=2026-04-01,https://www.nflmockdraftdatabase.com/team-mock-drafts/2026/ravens-twsn-2026-steve-bradshaw?date=2026-04-01,TWSN,Steve Bradshaw,04/01/26,"Baltimore Ravens 4-Round 2026 NFL Mock Draft: Landing CB, G, WR & C : We’ve officially reached April, which means the NFL draft is closing in fast. With that being the case, now is a perfect time to dive into an updated","We’ve officially reached April, which means the NFL draft is closing in fast. With that being the case, now is a perfect time to dive into an updated Baltimore Ravens mock draft. This time around, we’ll be making four picks for Baltimore. The Ravens are such a tough team to draft for because they’re coming off an eight-win season. However, this is not a team that can afford to rebuild. When you have Lamar Jackson at quarterback, there needs to be a focus on winning a Super Bowl every year. Especially now that he’s 29 years old. The Ravens have a number of talented players on their roster, but if they want to make some noise in 2026, this is a crucial draft.",https://twsn.net/2026/04/01/baltimore-ravens-4-round-2026-nfl-mock-draft/?utm_source=nflmockdraftdatabase&utm_medium=website&utm_content=read_mock_link,https://www.nflmockdraftdatabase.com/big-boards/2026/consensus-big-board-2026,https://www.nflmockdraftdatabase.com/mock-drafts/2026/final-scores,,,False,False,False,04/08/2026 09:24pm CDT,0,SteveBradshawFF,False,False,4,2,baltimore-ravens,Baltimore Ravens,2026
team-mock-drafts,2026,team_mocks/Show-0,/team-mock-drafts/2026/chiefs-twsn-2026-steve-bradshaw?date=2026-03-28,https://www.nflmockdraftdatabase.com/team-mock-drafts/2026/chiefs-twsn-2026-steve-bradshaw?date=2026-03-28,TWSN,Steve Bradshaw,03/28/26,"Kansas City Chiefs 4-Round 2026 NFL Mock Draft: Adding WR Help In Round 2 : After the Trent McDuffie trade, the Kansas City Chiefs have joined the club as one of the teams with two picks in round one of the 2026 NFL draft. For a team","After the Trent McDuffie trade, the Kansas City Chiefs have joined the club as one of the teams with two picks in round one of the 2026 NFL draft. For a team that was in the Super Bowl just a few years ago, they have the core to make it back. The question is whether they can retool this roster to maximize their window with Patrick Mahomes under center. There’s also the question about how Mahomes will recover from the knee injury he suffered last year. That said, even outside of Mahomes, improvements need to be made. Below, we’ll be diving into the first four rounds of an updated Chiefs mock draft to break down what Kansas City should do.",https://twsn.net/2026/03/28/kansas-city-chiefs-mock-draft-wr-round-2/?utm_source=nflmockdraftdatabase&utm_medium=website&utm_content=read_mock_link,https://www.nflmockdraftdatabase.com/big-boards/2026/consensus-big-board-2026,https://www.nflmockdraftdatabase.com/mock-drafts/2026/final-scores,,,False,False,False,04/04/2026 09:00am CDT,0,SteveBradshawFF,False,False,5,5,kansas-city-chiefs,Kansas City Chiefs,2026
team-mock-drafts,2026,team_mocks/Show-0,/team-mock-drafts/2026/lions-si-2026-vito-chirco?date=2026-03-30,https://www.nflmockdraftdatabase.com/team-mock-drafts/2026/lions-si-2026-vito-chirco?date=2026-03-30,SI,Vito Chirco,03/30/26,Detroit Lions Target Two First-Round Picks in Latest 2026 Mock Draft  : Detroit Lions target two players in first round in latest mock draft ,"The Detroit Lions have had a rather underwhelming offseason up to this point. Outside of inking center Cade Mays to a free-agent deal, they have failed to make a single immensely impactful signing. Detroit general manager Brad Holmes instead has chosen to build depth at numerous positions, acquiring a variety of middle-tier free agents, including running back Isiah Pacheco, cornerback Roger McCreary and tight end Tyler Conklin. Subsequently, he still has a variety of needs to address entering the 2026 NFL Draft, most notably at EDGE and offensive tackle. Here is my fourth attempt at predicting Holmes & Co.’s draft haul this April.",https://www.si.com/nfl/lions/onsi/news/detroit-lions-target-two-first-round-picks-latest-2026-mock-draft?utm_source=nflmockdraftdatabase&utm_medium=website&utm_content=read_mock_link,https://www.nflmockdraftdatabase.com/big-boards/2026/consensus-big-board-2026,https://www.nflmockdraftdatabase.com/mock-drafts/2026/final-scores,,,False,False,False,04/06/2026 08:16am CDT,0,VitoJerome,False,False,9,4,detroit-lions,Detroit Lions,2026
team-mock-drafts,2026,team_mocks/Show-0,/team-mock-drafts/2026/packers-packers-wire-2026-zach-kruse?date=2026-04-02,https://www.nflmockdraftdatabase.com/team-mock-drafts/2026/packers-packers-wire-2026-zach-kruse?date=2026-04-02,Packers Wire,Zach Kruse,04/02/26,Packers mock draft: 7 rounds featuring Dontayvion Wicks trade : Running a full seven-round Packers mock draft with an extra pick from a hypothetical Dontayvion Wicks trade.,"The start of the 2026 NFL draft is three weeks away. How will the Green Bay Packers add to the roster with only seven draft picks to work with? One way to help the team's draft capital would be a trade from surplus, and wide receiver Dontayvion Wicks is a name who continues to be mentioned among teams needing a receiver. For this mock draft, the Packers sent Wicks to the New York Jets for a fourth-round compensatory pick at No. 140 overall -- giving the Packers an eighth pick to work with in 2026. Here's how the mock draft simulation played out:",https://packerswire.usatoday.com/story/sports/nfl/packers/2026/04/02/packers-mock-draft-7-rounds-featuring-dontayvion-wicks-trade/89434501007/?utm_source=nflmockdraftdatabase&utm_medium=website&utm_content=read_mock_link,https://www.nflmockdraftdatabase.com/big-boards/2026/consensus-big-board-2026,https://www.nflmockdraftdatabase.com/mock-drafts/2026/final-scores,,,False,False,False,04/09/2026 09:58pm CDT,0,zachkruse2,False,False,8,1,green-bay-packers,Green Bay Packers,2026
