mock_relative_url,selection_count,player_drafted_matches,round_one_player_matches,player_to_team_matches,round_matches,mean_pick_abs_error,median_pick_abs_error,player_to_pick_matches,team_to_position_matches,player_to_pick_match_rate,player_to_team_match_rate,round_one_player_match_rate,team_to_position_match_rate,round_match_rate,player_drafted_match_rate,simple_score_points,simple_score_max_points,simple_score_rate,custom_accuracy_score,mock_name,author_name,published_at,external_url,metadata_selection_count
/mock-drafts/2025/the-athletic-2025-jeff-howe?date=2025-04-22,10,10,10,5,10,3.4,0.0,7,5,0.7,0.5,1.0,0.5,1.0,1.0,20,30,0.6666666666666666,66.66666666666666,The Athletic,Jeff Howe,04/22/25,https://www.nytimes.com/athletic/6290474/2025/04/22/nfl-draft-mock-draft-coaches-top-10-2025/?utm_source=nflmockdraftdatabase&utm_medium=website&utm_content=read_mock_link,10
/mock-drafts/2025/sny-2025-connor-hughes?date=2025-04-24,10,10,10,5,10,1.4,0.0,6,5,0.6,0.5,1.0,0.5,1.0,1.0,20,30,0.6666666666666666,66.66666666666666,SNY,Connor Hughes,04/24/25,https://sny.tv/articles/2025-nfl-mock-draft-top-10-april-2025?utm_source=nflmockdraftdatabase&utm_medium=website&utm_content=read_mock_link,10
/mock-drafts/2025/newsweek-2025-gavino-borquez?date=2025-04-14,10,10,9,5,9,15.0,0.0,7,5,0.7,0.5,0.9,0.5,0.9,1.0,19,30,0.6333333333333333,63.33333333333333,Newsweek,Gavino Borquez,04/14/25,https://www.newsweek.com/sports/nfl/nfl-draft-projections-cam-ward-ashton-jeanty-shedeur-sanders-2059703?utm_source=nflmockdraftdatabase&utm_medium=website&utm_content=read_mock_link,10
/mock-drafts/2025/yahoo-2025-frank-schwab?date=2025-04-21,10,10,9,5,9,14.6,0.0,7,6,0.7,0.5,0.9,0.6,0.9,1.0,19,30,0.6333333333333333,63.33333333333333,Yahoo,Frank Schwab,04/21/25,https://sports.yahoo.com/nfl/article/2025-nfl-draft-building-a-top-10-mock-draft-based-on-the-betting-odds-120001167.html?utm_source=nflmockdraftdatabase&utm_medium=website&utm_content=read_mock_link,10
/mock-drafts/2025/walter-football-2025-charlie-campbell?date=2025-04-24,25,25,23,9,23,7.6,5.0,5,3,0.2,0.36,0.92,0.12,0.92,1.0,41,75,0.5466666666666666,54.666666666666664,Walter Football,Charlie Campbell,04/24/25,"https://walterfootball.com/draft2025charlie.php,https://walterfootball.com/draft2025charlie_1.php?utm_source=nflmockdraftdatabase&utm_medium=website&utm_content=read_mock_link",25
/mock-drafts/2025/kshb-2025-nick-jacobs?date=2025-04-24,32,32,28,12,28,5.75,2.5,12,13,0.375,0.375,0.875,0.40625,0.875,1.0,52,96,0.5416666666666666,54.166666666666664,KSHB,Nick Jacobs,04/23/25,https://www.kshb.com/sports/football/chiefs/nick-jacobs-only-and-final-first-round-nfl-mock-draft-a-premium-on-pass-rusher?utm_source=nflmockdraftdatabase&utm_medium=website&utm_content=read_mock_link,32
/mock-drafts/2025/nfl-spin-zone-2025-lou-scataglia?date=2025-04-24,10,10,10,3,10,4.4,2.0,4,3,0.4,0.3,1.0,0.3,1.0,1.0,16,30,0.5333333333333333,53.333333333333336,NFL Spin Zone,Lou Scataglia,04/24/25,https://nflspinzone.com/2025-nfl-mock-draft-final-top-10-predictions-as-draft-day-hits?utm_source=nflmockdraftdatabase&utm_medium=website&utm_content=read_mock_link,10
/mock-drafts/2025/panthers-wire-2025-anthony-rizzuti?date=2025-04-24,32,32,27,12,27,9.09375,2.5,10,12,0.3125,0.375,0.84375,0.375,0.84375,1.0,51,96,0.53125,53.125,Panthers Wire,Anthony Rizzuti,04/24/25,https://pantherswire.usatoday.com/story/sports/nfl/2025/04/24/nfl-mock-draft-first-round-predictions/82598023007/?utm_source=nflmockdraftdatabase&utm_medium=website&utm_content=read_mock_link,32
/mock-drafts/2025/pro-football-focus-2025-judah-fortgang?date=2025-04-10,16,16,15,5,15,10.5,1.5,7,8,0.4375,0.3125,0.9375,0.5,0.9375,1.0,25,48,0.5208333333333334,52.083333333333336,Pro Football Focus,Judah Fortgang,04/10/25,https://www.pff.com/news/draft-2025-nfl-draft-following-the-betting-odds-to-map-the-top-16-picks?utm_source=nflmockdraftdatabase&utm_medium=website&utm_content=read_mock_link,16
/mock-drafts/2025/draft-sharks-2025-jared-smola?date=2025-04-25,32,32,29,10,29,8.78125,3.0,9,11,0.28125,0.3125,0.90625,0.34375,0.90625,1.0,49,96,0.5104166666666666,51.041666666666664,Draft Sharks,Jared Smola,04/24/25,https://www.draftsharks.com/article/2025-nfl-mock-draft?utm_source=nflmockdraftdatabase&utm_medium=website&utm_content=read_mock_link,32
/mock-drafts/2025/usa-today-2025-jacob-camenker?date=2025-04-24,32,32,28,10,28,6.40625,3.5,9,13,0.28125,0.3125,0.875,0.40625,0.875,1.0,48,96,0.5,50.0,USA Today,Jacob Camenker,04/24/25,https://www.usatoday.com/story/sports/nfl/draft/2025/04/24/nfl-mock-draft-2025-live-updates-rumors-news/83216174007/?utm_source=nflmockdraftdatabase&utm_medium=website&utm_content=read_mock_link,32
/mock-drafts/2025/cbs-2025-pete-prisco?date=2025-04-24,32,32,28,10,28,6.375,3.5,8,11,0.25,0.3125,0.875,0.34375,0.875,1.0,48,96,0.5,50.0,CBS,Pete Prisco,04/24/25,https://www.cbssports.com/nfl/draft/news/priscos-final-2025-nfl-mock-draft-shedeur-sanders-drops-out-of-round-1-as-only-one-qb-goes-in-first-32-picks/?utm_source=nflmockdraftdatabase&utm_medium=website&utm_content=read_mock_link,32
/mock-drafts/2025/4-for-4-2025-scott-smith?date=2025-04-24,32,32,30,9,30,4.59375,3.0,8,9,0.25,0.28125,0.9375,0.28125,0.9375,1.0,48,96,0.5,50.0,4 For 4,Scott Smith,04/24/25,https://www.4for4.com/2025/2025-nfl-mock-draft-scott-smith%E2%80%99s-final-mock-draft?utm_source=nflmockdraftdatabase&utm_medium=website&utm_content=read_mock_link,32
/mock-drafts/2025/fantasy-law-guy-2025-nick-guarisco?date=2025-04-24,32,32,30,9,30,4.28125,3.0,8,12,0.25,0.28125,0.9375,0.375,0.9375,1.0,48,96,0.5,50.0,Fantasy Law Guy,Nick Guarisco,04/24/25,https://fantasylawguy.com/f-l-g-2025-nfl-mock-draft/?utm_source=nflmockdraftdatabase&utm_medium=website&utm_content=read_mock_link,32
/mock-drafts/2025/johns-hopkins-news-letter-2025-freddy-branson?date=2025-04-23,32,32,27,10,27,9.53125,3.0,12,11,0.375,0.3125,0.84375,0.34375,0.84375,1.0,47,96,0.4895833333333333,48.95833333333333,Johns Hopkins News-Letter,Freddy Branson,04/23/25,https://www.jhunewsletter.com/article/2025/04/2025-nfl-mock-draft-unlikely-landing-spot-for-top-qb-while-running-backs-go-high?utm_source=nflmockdraftdatabase&utm_medium=website&utm_content=read_mock_link,32
/mock-drafts/2025/eleven-warriors-2025-dan-hope?date=2025-04-24,32,32,27,10,27,8.84375,2.5,10,9,0.3125,0.3125,0.84375,0.28125,0.84375,1.0,47,96,0.4895833333333333,48.95833333333333,Eleven Warriors,Dan Hope,04/23/25,https://www.elevenwarriors.com/ohio-state-football/2025/04/155924/2025-nfl-mock-draft-projections-for-all-64-picks-in-the-first-two-rounds?utm_source=nflmockdraftdatabase&utm_medium=website&utm_content=read_mock_link,32
/mock-drafts/2025/mile-high-report-2025-scotty-payne?date=2025-04-24,32,32,27,10,27,10.28125,4.0,9,10,0.28125,0.3125,0.84375,0.3125,0.84375,1.0,47,96,0.4895833333333333,48.95833333333333,Mile High Report,Scotty Payne,04/24/25,https://www.milehighreport.com/2025/4/24/24414818/2025-nfl-mock-draft-predicting-the-1st-round-of-the-draft?utm_source=nflmockdraftdatabase&utm_medium=website&utm_content=read_mock_link,32
/mock-drafts/2025/pro-football-focus-2025-trevor-sikkema?date=2025-04-24,32,32,27,10,27,10.34375,2.5,9,9,0.28125,0.3125,0.84375,0.28125,0.84375,1.0,47,96,0.4895833333333333,48.95833333333333,Pro Football Focus,Trevor Sikkema,04/23/25,https://www.pff.com/news/draft-trevor-sikkema-final-2025-nfl-mock-draft?utm_source=nflmockdraftdatabase&utm_medium=website&utm_content=read_mock_link,32
/mock-drafts/2025/4-for-4-2025-ryan-noonan?date=2025-04-24,32,32,27,10,27,9.46875,4.0,8,10,0.25,0.3125,0.84375,0.3125,0.84375,1.0,47,96,0.4895833333333333,48.95833333333333,4 For 4,Ryan Noonan,04/24/25,https://www.4for4.com/2025/preseason/2025-nfl-mock-draft-ryan-noonan-final-mock-draft?utm_source=nflmockdraftdatabase&utm_medium=website&utm_content=read_mock_link,32
/mock-drafts/2025/cbs-2025-kyle-stackpole?date=2025-04-23,32,32,29,9,29,6.21875,2.5,8,9,0.25,0.28125,0.90625,0.28125,0.90625,1.0,47,96,0.4895833333333333,48.95833333333333,CBS,Kyle Stackpole,04/23/25,https://www.cbssports.com/nfl/news/2025-nfl-mock-draft-huge-trade-for-ashton-jeanty-shakes-up-the-top-10-giants-move-back-into-round-1-for-qb/?utm_source=nflmockdraftdatabase&utm_medium=website&utm_content=read_mock_link,32
/mock-drafts/2025/walter-football-2025-walter-cherepinsky?date=2025-04-24,32,32,29,9,29,6.625,4.5,8,9,0.25,0.28125,0.90625,0.28125,0.90625,1.0,47,96,0.4895833333333333,48.95833333333333,Walter Football,Walter Cherepinsky,04/24/25,"http://walterfootball.com/draft2025.php,https://walterfootball.com/draft2025_1.php,https://walterfootball.com/draft2025_2.php?utm_source=nflmockdraftdatabase&utm_medium=website&utm_content=read_mock_link",32
/mock-drafts/2025/fox-sports-2025-colin-cowherd?date=2025-04-24,15,15,14,4,14,6.066666666666666,2.0,6,4,0.4,0.26666666666666666,0.9333333333333333,0.26666666666666666,0.9333333333333333,1.0,22,45,0.4888888888888889,48.888888888888886,Fox Sports,Colin Cowherd,04/24/25,https://www.foxsports.com/stories/nfl/rams-trade-up-2-rbs-picked-top-15-colin-cowherds-2025-nfl-mock-draft?utm_source=nflmockdraftdatabase&utm_medium=website&utm_content=read_mock_link,15
/mock-drafts/2025/the-draft-network-2025-jaime-eisner?date=2025-04-18,32,32,26,10,26,9.9375,4.0,9,10,0.28125,0.3125,0.8125,0.3125,0.8125,1.0,46,96,0.4791666666666667,47.91666666666667,The Draft Network,Jaime Eisner,04/18/25,https://www.thedraftnetwork.com/2025/04/23/nfl-mock-draft-2025-jaime-eisner-final?utm_source=nflmockdraftdatabase&utm_medium=website&utm_content=read_mock_link,32
/mock-drafts/2025/pro-football-focus-2025-john-kosko?date=2025-04-22,32,32,24,11,24,15.5625,6.0,8,9,0.25,0.34375,0.75,0.28125,0.75,1.0,46,96,0.4791666666666667,47.91666666666667,Pro Football Focus,John Kosko,04/22/25,https://www.pff.com/news/2025-nfl-mock-draft-saints-nab-jaxson-dart-bengals-add-jahdae-barron?utm_source=nflmockdraftdatabase&utm_medium=website&utm_content=read_mock_link,32
/mock-drafts/2025/nfl-com-2025-mike-band?date=2025-04-14,32,32,27,9,27,11.0,3.0,11,12,0.34375,0.28125,0.84375,0.375,0.84375,1.0,45,96,0.46875,46.875,NFL.com,Mike Band,04/14/25,https://www.nfl.com/news/mike-band-2025-nfl-mock-draft-2-0-saints-snag-shedeur-sanders-browns-make-move-for-qb?utm_source=nflmockdraftdatabase&utm_medium=website&utm_content=read_mock_link,32
/mock-drafts/2025/fantasy-pros-2025-andrew-erickson?date=2025-04-24,32,32,27,9,27,7.71875,3.0,10,12,0.3125,0.28125,0.84375,0.375,0.84375,1.0,45,96,0.46875,46.875,Fantasy Pros,Andrew Erickson,04/24/25,https://www.fantasypros.com/2025/04/nfl-mock-draft-andrew-ericksons-final-picks-predictions/?utm_source=nflmockdraftdatabase&utm_medium=website&utm_content=read_mock_link,32
/mock-drafts/2025/for-the-win-2025-michelle-r-martinelli?date=2025-04-17,32,32,27,9,27,10.4375,4.0,9,9,0.28125,0.28125,0.84375,0.28125,0.84375,1.0,45,96,0.46875,46.875,For The Win,Michelle R. Martinelli,04/17/25,https://ftw.usatoday.com/story/sports/nfl/2025/04/17/2025-nfl-live-mock-draft-first-round-cam-ward-travis-hunter-abdul-carter/83122808007/?utm_source=nflmockdraftdatabase&utm_medium=website&utm_content=read_mock_link,32
/mock-drafts/2025/usa-today-2025-joe-rivera?date=2025-04-16,32,32,27,9,27,10.4375,4.0,9,9,0.28125,0.28125,0.84375,0.28125,0.84375,1.0,45,96,0.46875,46.875,USA Today,Joe Rivera,04/16/25,https://www.usatoday.com/story/sports/nfl/draft/2025/04/16/nfl-mock-draft-picks-predictions-live/83115270007/?utm_source=nflmockdraftdatabase&utm_medium=website&utm_content=read_mock_link,32
/mock-drafts/2025/bucs-nation-2025-evan-wanish?date=2025-04-24,32,32,27,9,27,11.1875,3.0,8,8,0.25,0.28125,0.84375,0.25,0.84375,1.0,45,96,0.46875,46.875,Bucs Nation,Evan Wanish,04/24/25,https://www.bucsnation.com/2025/4/24/24414522/evan-wanish-2025-first-round-nfl-mock-draft-cam-ward-titans-browns-giants-abdul-carter-travis-hunter?utm_source=nflmockdraftdatabase&utm_medium=website&utm_content=read_mock_link,32
/mock-drafts/2025/nfl-draft-lounge-2025-sean-balzer?date=2025-04-24,32,32,27,9,27,9.90625,1.5,8,9,0.25,0.28125,0.84375,0.28125,0.84375,1.0,45,96,0.46875,46.875,NFL Draft Lounge,Sean Balzer,04/23/25,https://nfldraftlounge.com/sean-balzers-final-2025-nfl-mock-draft/?utm_source=nflmockdraftdatabase&utm_medium=website&utm_content=read_mock_link,32
/mock-drafts/2025/sports-talk-2025-sam-teets?date=2025-04-24,32,32,27,9,27,6.75,4.0,8,11,0.25,0.28125,0.84375,0.34375,0.84375,1.0,45,96,0.46875,46.875,Sports Talk,Sam Teets,04/23/25,https://sportstalk.substack.com/p/2025-nfl-draft-final-first-round?utm_source=nflmockdraftdatabase&utm_medium=website&utm_content=read_mock_link,32
/mock-drafts/2025/usa-today-2025-nick-brinkerhoff?date=2025-04-18,32,32,24,10,24,17.125,3.5,10,10,0.3125,0.3125,0.75,0.3125,0.75,1.0,44,96,0.4583333333333333,45.83333333333333,USA Today,Nick Brinkerhoff,04/18/25,https://www.usatoday.com/story/sports/nfl/draft/2025/04/18/nfl-mock-draft-2025-gemini-ai-picks/83118486007/?utm_source=nflmockdraftdatabase&utm_medium=website&utm_content=read_mock_link,32
/mock-drafts/2025/in-the-aggregate-2025-anthony-amico?date=2025-04-19,32,32,26,9,26,9.8125,4.5,10,11,0.3125,0.28125,0.8125,0.34375,0.8125,1.0,44,96,0.4583333333333333,45.83333333333333,In The Aggregate,Anthony Amico,04/19/25,https://amicsta.substack.com/p/2025-nfl-mock-draft-30?utm_source=nflmockdraftdatabase&utm_medium=website&utm_content=read_mock_link,32
/mock-drafts/2025/college-football-network-2025-owain-jones?date=2025-04-16,32,32,26,9,26,12.78125,4.5,9,8,0.28125,0.28125,0.8125,0.25,0.8125,1.0,44,96,0.4583333333333333,45.83333333333333,College Football Network,Owain Jones,04/16/25,https://collegefootballnetwork.com/3-round-2025-nfl-mock-draft-owain-april-16/?utm_source=nflmockdraftdatabase&utm_medium=website&utm_content=read_mock_link,32
/mock-drafts/2025/fantasy-pros-2025-pat-fitzmaurice?date=2025-04-22,32,32,26,9,26,8.125,4.0,9,10,0.28125,0.28125,0.8125,0.3125,0.8125,1.0,44,96,0.4583333333333333,45.83333333333333,Fantasy Pros,Pat Fitzmaurice,04/22/25,https://www.fantasypros.com/2025/04/nfl-mock-draft-first-round-picks-prediction/?utm_source=nflmockdraftdatabase&utm_medium=website&utm_content=read_mock_link,32
/mock-drafts/2025/cbs-2025-jonathan-jones?date=2025-04-21,32,32,28,8,28,6.1875,5.0,9,11,0.28125,0.25,0.875,0.34375,0.875,1.0,44,96,0.4583333333333333,45.83333333333333,CBS,Jonathan Jones,04/21/25,https://www.cbssports.com/nfl/draft/news/nfl-insider-2025-mock-draft-shedeur-sanders-falls-out-of-first-round-only-one-qb-taken-on-day-1/?utm_source=nflmockdraftdatabase&utm_medium=website&utm_content=read_mock_link,32
/mock-drafts/2025/nbc-sports-2025-kyle-dvorchak?date=2025-04-23,32,32,28,8,28,6.90625,4.0,9,11,0.28125,0.25,0.875,0.34375,0.875,1.0,44,96,0.4583333333333333,45.83333333333333,NBC Sports,Kyle Dvorchak,04/23/25,https://www.nbcsports.com/fantasy/football/news/2025-nfl-mock-draft-4-0-titans-land-cam-ward-ashton-jeanty-slides-to-chicago-in-kyle-dvorchaks-final-mock?utm_source=nflmockdraftdatabase&utm_medium=website&utm_content=read_mock_link,32
/mock-drafts/2025/ftn-fantasy-2025-jeff-ratcliffe?date=2025-04-24,32,32,28,8,28,5.34375,3.0,8,11,0.25,0.25,0.875,0.34375,0.875,1.0,44,96,0.4583333333333333,45.83333333333333,FTN Fantasy,Jeff Ratcliffe,04/24/25,https://ftnfantasy.com/nfl/jeff-ratcliffes-2025-nfl-mock-draft-5-0-final?utm_source=nflmockdraftdatabase&utm_medium=website&utm_content=read_mock_link,32
/mock-drafts/2025/cbs-2025-emory-hunt?date=2025-04-15,32,32,26,9,26,13.75,3.5,7,10,0.21875,0.28125,0.8125,0.3125,0.8125,1.0,44,96,0.4583333333333333,45.83333333333333,CBS,Emory Hunt,04/15/25,https://www.cbssports.com/nfl/news/the-hunt-report-what-every-gm-should-do-with-their-teams-first-round-pick-in-the-2025-nfl-draft/?utm_source=nflmockdraftdatabase&utm_medium=website&utm_content=read_mock_link,32
/mock-drafts/2025/chicago-tribune-2025-brad-biggs?date=2025-04-23,32,32,28,8,28,6.71875,3.0,7,12,0.21875,0.25,0.875,0.375,0.875,1.0,44,96,0.4583333333333333,45.83333333333333,Chicago Tribune,Brad Biggs,04/23/25,https://www.chicagotribune.com/2025/04/23/chicago-bears-nfl-mock-draft-brad-biggs-2/?utm_source=nflmockdraftdatabase&utm_medium=website&utm_content=read_mock_link,32
/mock-drafts/2025/covers-2025-andrew-caley?date=2025-04-23,32,32,28,8,28,6.25,3.0,7,9,0.21875,0.25,0.875,0.28125,0.875,1.0,44,96,0.4583333333333333,45.83333333333333,Covers,Andrew Caley,04/23/25,https://www.covers.com/nfl/caleys-2025-mock-draft-version-3?utm_source=nflmockdraftdatabase&utm_medium=website&utm_content=read_mock_link,32
/mock-drafts/2025/fantasy-pros-2025-richard-janvrin?date=2025-04-24,32,32,28,8,28,6.4375,3.0,7,11,0.21875,0.25,0.875,0.34375,0.875,1.0,44,96,0.4583333333333333,45.83333333333333,Fantasy Pros,Richard Janvrin,04/24/25,https://www.fantasypros.com/2025/04/2025-nfl-mock-draft-with-trades-final-first-round-predictions/?utm_source=nflmockdraftdatabase&utm_medium=website&utm_content=read_mock_link,32
/mock-drafts/2025/nbc-sports-boston-2025-phil-perry?date=2025-04-24,32,32,28,8,28,10.4375,6.0,7,11,0.21875,0.25,0.875,0.34375,0.875,1.0,44,96,0.4583333333333333,45.83333333333333,NBC Sports Boston,Phil Perry,04/24/25,https://www.nbcsportsboston.com/nfl/new-england-patriots/2025-nfl-mock-draft-first-round-predictions-will-campbell/704605/?utm_source=nflmockdraftdatabase&utm_medium=website&utm_content=read_mock_link,32
/mock-drafts/2025/upside-football-2025-jake-rosen?date=2025-04-24,32,32,28,8,28,7.0,4.0,7,11,0.21875,0.25,0.875,0.34375,0.875,1.0,44,96,0.4583333333333333,45.83333333333333,Upside Football,Jake Rosen,04/24/25,https://upsidefootball.com/2025/04/24/2025-nfl-mock-draft-1st-round/?utm_source=nflmockdraftdatabase&utm_medium=website&utm_content=read_mock_link,32
/mock-drafts/2025/pro-football-rumors-2025-ely-allen?date=2025-04-16,32,32,25,9,25,12.6875,5.0,9,12,0.28125,0.28125,0.78125,0.375,0.78125,1.0,43,96,0.4479166666666667,44.79166666666667,Pro Football Rumors,Ely Allen,04/16/25,https://www.profootballrumors.com/2025/04/pro-football-rumors-2025-nfl-mock-draft?utm_source=nflmockdraftdatabase&utm_medium=website&utm_content=read_mock_link,32
/mock-drafts/2025/steel-curtain-network-2025-jeremy-betz?date=2025-04-23,32,32,25,9,25,11.5,4.0,9,13,0.28125,0.28125,0.78125,0.40625,0.78125,1.0,43,96,0.4479166666666667,44.79166666666667,Steel Curtain Network,Jeremy Betz,04/23/25,https://www.steelcurtainnetwork.com/2025-nfl-mock-draft-predicting-the-round-one-selections-for-all-32-nfl-teams/?utm_source=nflmockdraftdatabase&utm_medium=website&utm_content=read_mock_link,32
/mock-drafts/2025/fantasy-life-2025-matthew-freedman?date=2025-04-24,32,32,27,8,27,8.96875,4.0,8,10,0.25,0.25,0.84375,0.3125,0.84375,1.0,43,96,0.4479166666666667,44.79166666666667,Fantasy Life,Matthew Freedman,04/24/25,https://www.fantasylife.com/articles/nfl-draft/2025-nfl-mock-draft-shedeur-sanders-falls-to-steelers-in-freedmans-final-mock?utm_source=nflmockdraftdatabase&utm_medium=website&utm_content=read_mock_link,32
/mock-drafts/2025/seahawks-draft-blog-2025-rob-staton?date=2025-04-23,32,32,27,8,27,10.25,4.0,8,13,0.25,0.25,0.84375,0.40625,0.84375,1.0,43,96,0.4479166666666667,44.79166666666667,Seahawks Draft Blog,Rob Staton,04/23/25,https://seahawksdraftblog.com/my-final-2025-nfl-mock-draft?utm_source=nflmockdraftdatabase&utm_medium=website&utm_content=read_mock_link,32
/mock-drafts/2025/si-2025-albert-breer?date=2025-04-24,32,32,27,8,27,7.03125,5.5,8,15,0.25,0.25,0.84375,0.46875,0.84375,1.0,43,96,0.4479166666666667,44.79166666666667,SI,Albert Breer,04/24/25,https://www.si.com/nfl/2025-nfl-mock-draft-albert-breer-predicts-first-round?utm_source=nflmockdraftdatabase&utm_medium=website&utm_content=read_mock_link,32
/mock-drafts/2025/espn-2025-peter-schrager?date=2025-04-23,32,32,29,7,29,9.125,2.5,8,9,0.25,0.21875,0.90625,0.28125,0.90625,1.0,43,96,0.4479166666666667,44.79166666666667,ESPN,Peter Schrager,04/23/25,https://www.espn.com/nfl/draft2025/story/_/id/44790164/2025-nfl-mock-draft-peter-schrager-first-round-predictions-32-picks-trades-buzz-qbs-sanders-ward-dart?utm_source=nflmockdraftdatabase&utm_medium=website&utm_content=read_mock_link,32
/mock-drafts/2025/nfl-com-2025-dan-parr?date=2025-04-24,32,32,29,7,29,5.40625,4.0,8,11,0.25,0.21875,0.90625,0.34375,0.90625,1.0,43,96,0.4479166666666667,44.79166666666667,NFL.com,Dan Parr,04/24/25,https://www.nfl.com/news/dan-parr-2025-nfl-mock-draft-2-0-offensive-linemen-dominate-top-10-bears-grab-tight-end-tyler-warren?utm_source=nflmockdraftdatabase&utm_medium=website&utm_content=read_mock_link,32
/mock-drafts/2025/texans-wire-2025-cole-thompson?date=2025-04-24,32,32,27,8,27,11.0625,6.0,7,9,0.21875,0.25,0.84375,0.28125,0.84375,1.0,43,96,0.4479166666666667,44.79166666666667,Texans Wire,Cole Thompson,04/24/25,https://texanswire.usatoday.com/story/sports/nfl/texans/2025/04/24/cole-thompsons-final-mock-draft-texans-tyler-booker-tradr-no-25-eagles/83246128007/?utm_source=nflmockdraftdatabase&utm_medium=website&utm_content=read_mock_link,32
/mock-drafts/2025/underdog-fantasy-2025-josh-norris?date=2025-04-24,32,32,27,8,27,6.71875,4.5,7,8,0.21875,0.25,0.84375,0.25,0.84375,1.0,43,96,0.4479166666666667,44.79166666666667,Underdog Fantasy,Josh Norris,04/23/25,https://underdognetwork.com/football/news/josh-norris-final-2025-nfl-mock-draft?utm_source=nflmockdraftdatabase&utm_medium=website&utm_content=read_mock_link,32
/mock-drafts/2025/cbs-2025-cody-benjamin?date=2025-04-22,32,32,25,9,25,15.25,4.0,6,7,0.1875,0.28125,0.78125,0.21875,0.78125,1.0,43,96,0.4479166666666667,44.79166666666667,CBS,Cody Benjamin,04/22/25,https://www.cbssports.com/nfl/news/cbs-sports-live-2025-nfl-mock-draft-steelers-take-surprise-qb-swing-rams-add-new-weapon-for-matthew-stafford/?utm_source=nflmockdraftdatabase&utm_medium=website&utm_content=read_mock_link,32
/mock-drafts/2025/boston-herald-2025-andrew-callahan?date=2025-04-24,32,32,27,8,27,10.09375,3.5,6,10,0.1875,0.25,0.84375,0.3125,0.84375,1.0,43,96,0.4479166666666667,44.79166666666667,Boston Herald,Andrew Callahan,04/24/25,https://www.bostonherald.com/2025/04/24/nfl-draft-2025-mock-draft-patriots-trade-back-from-no-4-help-drake-make/?utm_source=nflmockdraftdatabase&utm_medium=website&utm_content=read_mock_link,32
/mock-drafts/2025/si-2025-michael-fabiano?date=2025-04-17,32,32,28,7,28,11.125,4.0,9,10,0.28125,0.21875,0.875,0.3125,0.875,1.0,42,96,0.4375,43.75,SI,Michael Fabiano,04/17/25,https://www.si.com/fantasy/2025-nfl-mock-draft-fantasy-football-betting-odds-01jrza0ky4y7?utm_source=nflmockdraftdatabase&utm_medium=website&utm_content=read_mock_link,32
/mock-drafts/2025/vsin-2025-matt-youmans?date=2025-04-17,32,32,28,7,28,11.25,4.0,8,11,0.25,0.21875,0.875,0.34375,0.875,1.0,42,96,0.4375,43.75,VSIN,Matt Youmans,04/16/25,https://vsin.com/nfl/nfl-2025-mock-draft-and-early-best-bets/?utm_source=nflmockdraftdatabase&utm_medium=website&utm_content=read_mock_link,32
/mock-drafts/2025/player-profiler-2025-matt-kelley?date=2025-04-23,32,32,26,8,26,10.53125,6.0,7,8,0.21875,0.25,0.8125,0.25,0.8125,1.0,42,96,0.4375,43.75,Player Profiler,Matt Kelley,04/23/25,https://www.playerprofiler.com/article/the-final-mock-draft-of-the-2025-nfl-draft-season/?utm_source=nflmockdraftdatabase&utm_medium=website&utm_content=read_mock_link,32
/mock-drafts/2025/underdog-fantasy-2025-hayden-winks?date=2025-04-24,32,32,28,7,28,6.96875,4.5,7,7,0.21875,0.21875,0.875,0.21875,0.875,1.0,42,96,0.4375,43.75,Underdog Fantasy,Hayden Winks,04/23/25,https://underdognetwork.com/football/nfl-draft/2025-nfl-mock-draft-hayden-winks-final?utm_source=nflmockdraftdatabase&utm_medium=website&utm_content=read_mock_link,32
/mock-drafts/2025/nfl-com-2025-daniel-jeremiah?date=2025-04-24,32,32,28,7,28,9.53125,3.5,6,10,0.1875,0.21875,0.875,0.3125,0.875,1.0,42,96,0.4375,43.75,NFL.com,Daniel Jeremiah,04/23/25,https://www.nfl.com/news/daniel-jeremiah-2025-nfl-mock-draft-4-0?utm_source=nflmockdraftdatabase&utm_medium=website&utm_content=read_mock_link,32
/mock-drafts/2025/daily-press-2025-mitch-vosburg?date=2025-04-23,31,31,26,7,26,11.258064516129032,6.0,7,9,0.22580645161290322,0.22580645161290322,0.8387096774193549,0.2903225806451613,0.8387096774193549,1.0,40,93,0.43010752688172044,43.01075268817204,Daily Press,Mitch Vosburg,04/23/25,https://www.dailypress.net/sports/local-sports/2025/04/big-dogs-2025-nfl-mock-draft-3-0/?utm_source=nflmockdraftdatabase&utm_medium=website&utm_content=read_mock_link,31
/mock-drafts/2025/usa-today-2025-ayrton-ostly?date=2025-04-24,32,32,25,8,25,11.59375,4.5,9,9,0.28125,0.25,0.78125,0.28125,0.78125,1.0,41,96,0.4270833333333333,42.70833333333333,USA Today,Ayrton Ostly,04/24/25,https://www.usatoday.com/story/sports/nfl/draft/2025/04/24/mock-draft-7-round-predictions-picks/83204501007/?utm_source=nflmockdraftdatabase&utm_medium=website&utm_content=read_mock_link,32
/mock-drafts/2025/nfl-trade-rumors-2025-nate-bouda?date=2025-04-21,32,32,27,7,27,11.1875,4.0,9,10,0.28125,0.21875,0.84375,0.3125,0.84375,1.0,41,96,0.4270833333333333,42.70833333333333,NFL Trade Rumors,Nate Bouda,04/21/25,https://nfltraderumors.co/final-2025-nfl-mock-draft-1-0/?utm_source=nflmockdraftdatabase&utm_medium=website&utm_content=read_mock_link,32
/mock-drafts/2025/outer-banks-voice-2025-aaron-jurkowitz?date=2025-04-21,32,32,27,7,27,10.25,4.0,9,10,0.28125,0.21875,0.84375,0.3125,0.84375,1.0,41,96,0.4270833333333333,42.70833333333333,Outer Banks Voice,Aaron Jurkowitz,04/21/25,https://www.outerbanksvoice.com/2025/04/21/my-2025-nfl-mock-draft/?utm_source=nflmockdraftdatabase&utm_medium=website&utm_content=read_mock_link,32
/mock-drafts/2025/cbs-2025-josh-edwards?date=2025-04-23,32,32,25,8,25,11.53125,5.0,8,10,0.25,0.25,0.78125,0.3125,0.78125,1.0,41,96,0.4270833333333333,42.70833333333333,CBS,Josh Edwards,04/23/25,https://www.cbssports.com/nfl/draft/news/2025-nfl-mock-draft-tyler-warren-soars-into-top-10-plus-more-rbs-go-off-the-board-than-qbs-in-round-1/?utm_source=nflmockdraftdatabase&utm_medium=website&utm_content=read_mock_link,32
/mock-drafts/2025/the-huddle-2025-hc-green?date=2025-04-22,32,32,25,8,25,12.3125,4.5,8,12,0.25,0.25,0.78125,0.375,0.78125,1.0,41,96,0.4270833333333333,42.70833333333333,The Huddle,HC Green,04/22/25,https://thehuddle.com/2025/04/22/2025-nfl-mock-draft-hc-green/?utm_source=nflmockdraftdatabase&utm_medium=website&utm_content=read_mock_link,32
/mock-drafts/2025/cbs-2025-rj-white?date=2025-04-24,32,32,27,7,27,9.1875,4.0,8,8,0.25,0.21875,0.84375,0.25,0.84375,1.0,41,96,0.4270833333333333,42.70833333333333,CBS,RJ White,04/24/25,https://www.cbssports.com/nfl/news/2025-nfl-mock-draft-what-sportsbooks-are-projecting-with-jaxson-dart-among-six-trade-targets/?utm_source=nflmockdraftdatabase&utm_medium=website&utm_content=read_mock_link,32
/mock-drafts/2025/establish-the-run-2025-john-daigle?date=2025-04-24,32,32,27,7,27,6.53125,4.0,8,10,0.25,0.21875,0.84375,0.3125,0.84375,1.0,41,96,0.4270833333333333,42.70833333333333,Establish The Run,John Daigle,04/24/25,https://establishtherun.com/daigle-final-nfl-mock-draft/?utm_source=nflmockdraftdatabase&utm_medium=website&utm_content=read_mock_link,32
/mock-drafts/2025/pro-football-network-2025-jacob-infante?date=2025-04-24,32,32,27,7,27,11.34375,5.0,8,11,0.25,0.21875,0.84375,0.34375,0.84375,1.0,41,96,0.4270833333333333,42.70833333333333,Pro Football Network,Jacob Infante,04/24/25,https://www.profootballnetwork.com/7-round-2025-nfl-mock-draft-april-infante/?utm_source=nflmockdraftdatabase&utm_medium=website&utm_content=read_mock_link,32
/mock-drafts/2025/si-2025-conor-orr?date=2025-04-22,32,32,27,7,27,10.5625,4.0,8,8,0.25,0.21875,0.84375,0.25,0.84375,1.0,41,96,0.4270833333333333,42.70833333333333,SI,Conor Orr,04/22/25,https://www.si.com/nfl/2025-nfl-mock-draft-first-round-steelers-jalen-milroe?utm_source=nflmockdraftdatabase&utm_medium=website&utm_content=read_mock_link,32
/mock-drafts/2025/usa-today-2025-tyler-dragon?date=2025-04-18,32,32,27,7,27,10.9375,5.0,8,10,0.25,0.21875,0.84375,0.3125,0.84375,1.0,41,96,0.4270833333333333,42.70833333333333,USA Today,Tyler Dragon,04/18/25,https://www.usatoday.com/story/sports/nfl/draft/2025/04/18/2025-nfl-mock-draft-latest-expert-picks-predictions/83150350007/?utm_source=nflmockdraftdatabase&utm_medium=website&utm_content=read_mock_link,32
/mock-drafts/2025/cbs-2025-jordan-dajani?date=2025-04-17,32,32,27,7,27,10.8125,4.0,7,8,0.21875,0.21875,0.84375,0.25,0.84375,1.0,41,96,0.4270833333333333,42.70833333333333,CBS,Jordan Dajani,04/17/25,https://www.cbssports.com/nfl/news/2025-nfl-mock-draft-patriots-shake-up-draft-with-shocking-selection-raiders-trade-back-in-for-qb/?utm_source=nflmockdraftdatabase&utm_medium=website&utm_content=read_mock_link,32
/mock-drafts/2025/fantasy-pros-2025-kent-weyrauch?date=2025-04-23,32,32,27,7,27,10.34375,4.5,7,7,0.21875,0.21875,0.84375,0.21875,0.84375,1.0,41,96,0.4270833333333333,42.70833333333333,Fantasy Pros,Kent Weyrauch,04/23/25,https://www.fantasypros.com/2025/04/nfl-mock-draft-first-round-expert-picks/?utm_source=nflmockdraftdatabase&utm_medium=website&utm_content=read_mock_link,32
/mock-drafts/2025/football-guys-2025-alfredo-brown?date=2025-04-24,32,32,27,7,27,10.5625,4.5,7,8,0.21875,0.21875,0.84375,0.25,0.84375,1.0,41,96,0.4270833333333333,42.70833333333333,Football Guys,Alfredo Brown,04/24/25,https://www.footballguys.com/article/2025-alfredo-brown-nfl-mock-draft-final?utm_source=nflmockdraftdatabase&utm_medium=website&utm_content=read_mock_link,32
/mock-drafts/2025/football-guys-2025-jeff-bell?date=2025-04-24,32,32,27,7,27,10.53125,4.5,7,8,0.21875,0.21875,0.84375,0.25,0.84375,1.0,41,96,0.4270833333333333,42.70833333333333,Football Guys,Jeff Bell,04/24/25,https://www.footballguys.com/article/2025-jeff-bell-nfl-mock-draft-final?utm_source=nflmockdraftdatabase&utm_medium=website&utm_content=read_mock_link,32
/mock-drafts/2025/ny-post-2025-steve-serby?date=2025-04-23,32,32,27,7,27,10.90625,5.5,7,9,0.21875,0.21875,0.84375,0.28125,0.84375,1.0,41,96,0.4270833333333333,42.70833333333333,NY Post,Steve Serby,04/23/25,https://nypost.com/2025/04/23/sports/final-nfl-mock-draft-2025-bears-shock-with-trade-up-to-no-5-pick/?utm_source=nflmockdraftdatabase&utm_medium=website&utm_content=read_mock_link,32
/mock-drafts/2025/the-draft-network-2025-keith-sanchez?date=2025-04-23,32,32,25,8,25,16.8125,7.0,6,10,0.1875,0.25,0.78125,0.3125,0.78125,1.0,41,96,0.4270833333333333,42.70833333333333,The Draft Network,Keith Sanchez,04/23/25,https://www.thedraftnetwork.com/2025/04/23/nfl-mock-draft-2025-keith-sanchez-final?utm_source=nflmockdraftdatabase&utm_medium=website&utm_content=read_mock_link,32
/mock-drafts/2025/fantasy-pros-2025-matthew-jones?date=2025-04-24,32,32,27,7,27,9.75,4.5,6,8,0.1875,0.21875,0.84375,0.25,0.84375,1.0,41,96,0.4270833333333333,42.70833333333333,Fantasy Pros,Matthew Jones,04/24/25,https://www.fantasypros.com/2025/04/2025-nfl-mock-draft-matthew-jones-final-first-round-predictions/?utm_source=nflmockdraftdatabase&utm_medium=website&utm_content=read_mock_link,32
/mock-drafts/2025/mass-live-2025-nick-o-malley?date=2025-04-21,32,32,27,7,27,11.53125,6.0,6,9,0.1875,0.21875,0.84375,0.28125,0.84375,1.0,41,96,0.4270833333333333,42.70833333333333,Mass Live,Nick O'Malley,04/21/25,https://www.masslive.com/patriots/2025/04/nfl-mock-draft-2025-a-wild-new-england-patriots-trade-with-help-from-tom-brady.html?utm_source=nflmockdraftdatabase&utm_medium=website&utm_content=read_mock_link,32
/mock-drafts/2025/pro-football-focus-2025-gordon-mcguinness?date=2025-04-22,32,32,24,8,24,14.53125,6.5,9,10,0.28125,0.25,0.75,0.3125,0.75,1.0,40,96,0.4166666666666667,41.66666666666667,Pro Football Focus,Gordon McGuinness,04/22/25,https://www.pff.com/news/draft-2025-nfl-mock-draft-shedeur-sanders-saints-eagles-james-pearce-jr?utm_source=nflmockdraftdatabase&utm_medium=website&utm_content=read_mock_link,32
/mock-drafts/2025/nj-com-2025-ryan-novozinsky?date=2025-04-14,32,32,26,7,26,13.6875,4.0,9,10,0.28125,0.21875,0.8125,0.3125,0.8125,1.0,40,96,0.4166666666666667,41.66666666666667,NJ.com,Ryan Novozinsky,04/14/25,https://www.nj.com/giants/2025/04/nfl-draft-2025-latest-1st-round-mock-projection-for-all-32-teams-will-giants-land-a-round-1-qb.html?utm_source=nflmockdraftdatabase&utm_medium=website&utm_content=read_mock_link,32
/mock-drafts/2025/cbs-2025-bryan-deardo?date=2025-04-22,32,32,26,7,26,12.65625,4.0,8,12,0.25,0.21875,0.8125,0.375,0.8125,1.0,40,96,0.4166666666666667,41.66666666666667,CBS,Bryan DeArdo,04/22/25,https://www.cbssports.com/nfl/draft/news/2025-nfl-mock-draft-shedeur-sanders-taken-late-in-round-1-after-qb-needy-team-trades-up-to-get-him/?utm_source=nflmockdraftdatabase&utm_medium=website&utm_content=read_mock_link,32
/mock-drafts/2025/m-live-2025-kory-woods?date=2025-04-23,32,32,26,7,26,13.6875,3.5,8,9,0.25,0.21875,0.8125,0.28125,0.8125,1.0,40,96,0.4166666666666667,41.66666666666667,M Live,Kory Woods,04/23/25,https://www.mlive.com/lions/2025/04/kory-woods-final-mock-draft-lions-land-disruptive-michigan-defender.html?utm_source=nflmockdraftdatabase&utm_medium=website&utm_content=read_mock_link,32
/mock-drafts/2025/penn-live-2025-johnny-mcgonigal?date=2025-04-22,32,32,26,7,26,11.84375,5.5,8,9,0.25,0.21875,0.8125,0.28125,0.8125,1.0,40,96,0.4166666666666667,41.66666666666667,Penn Live,Johnny McGonigal,04/22/25,https://www.pennlive.com/pennstatefootball/2025/04/2025-nfl-mock-draft-30-predictions-for-abdul-carter-tyler-warren-steelers-eagles.html?utm_source=nflmockdraftdatabase&utm_medium=website&utm_content=read_mock_link,32
/mock-drafts/2025/the-daily-targum-2025-sean-newcomb?date=2025-04-23,32,32,26,7,26,10.875,5.0,8,10,0.25,0.21875,0.8125,0.3125,0.8125,1.0,40,96,0.4166666666666667,41.66666666666667,The Daily Targum,Sean Newcomb,04/23/25,https://www.dailytargum.com/article/2025-nfl-mock-draft-3-0-shakeup-in-top-10-sparks-shedeur-sanders-slide-20250423?utm_source=nflmockdraftdatabase&utm_medium=website&utm_content=read_mock_link,32
/mock-drafts/2025/rotowire-2025-joe-bartel?date=2025-04-16,32,32,24,8,24,14.53125,7.0,7,9,0.21875,0.25,0.75,0.28125,0.75,1.0,40,96,0.4166666666666667,41.66666666666667,Rotowire,Joe Bartel,04/16/25,https://www.rotowire.com/football/article/2025-nfl-draft-first-round-mock-draft-92056?utm_source=nflmockdraftdatabase&utm_medium=website&utm_content=read_mock_link,32
/mock-drafts/2025/daft-on-draft-2025-cory-kinnan?date=2025-04-18,32,32,26,7,26,11.6875,4.5,7,10,0.21875,0.21875,0.8125,0.3125,0.8125,1.0,40,96,0.4166666666666667,41.66666666666667,Daft on Draft,Cory Kinnan,04/18/25,https://www.daftondraft.football/p/mock-draft-2025-nfl-draft-shedeur-sanders-slide?utm_source=nflmockdraftdatabase&utm_medium=website&utm_content=read_mock_link,32
/mock-drafts/2025/fox-sports-2025-danny-parkins?date=2025-04-23,32,32,28,6,28,10.5,4.0,7,10,0.21875,0.1875,0.875,0.3125,0.875,1.0,40,96,0.4166666666666667,41.66666666666667,Fox Sports,Danny Parkins,04/23/25,https://www.foxsports.com/stories/nfl/cowboys-get-wr-shedeur-sanders-goes-top-10-danny-parkins-2025-nfl-mock-draft?utm_source=nflmockdraftdatabase&utm_medium=website&utm_content=read_mock_link,32
/mock-drafts/2025/nbc-sports-2025-connor-rogers?date=2025-04-24,32,32,28,6,28,10.28125,5.0,7,8,0.21875,0.1875,0.875,0.25,0.875,1.0,40,96,0.4166666666666667,41.66666666666667,NBC Sports,Connor Rogers,04/23/25,https://www.nbcsports.com/nfl/news/2025-nfl-mock-draft-jaguars-pull-first-stunner-giants-trade-up-for-qb-in-connor-rogers-final-prediction?utm_source=nflmockdraftdatabase&utm_medium=website&utm_content=read_mock_link,32
/mock-drafts/2025/nbc-sports-philadelphia-2025-mike-mulhern?date=2025-04-24,32,32,28,6,28,9.90625,4.0,7,8,0.21875,0.1875,0.875,0.25,0.875,1.0,40,96,0.4166666666666667,41.66666666666667,NBC Sports Philadelphia,Mike Mulhern,04/24/25,https://www.nbcsportsphiladelphia.com/nfl/philadelphia-eagles/2025-nfl-mock-draft-eagles-donovan-jackson-ohio-state-howie-roseman/662169/?utm_source=nflmockdraftdatabase&utm_medium=website&utm_content=read_mock_link,32
/mock-drafts/2025/si-2025-bill-huber?date=2025-04-24,32,32,28,6,28,11.5,5.0,7,7,0.21875,0.1875,0.875,0.21875,0.875,1.0,40,96,0.4166666666666667,41.66666666666667,SI,Bill Huber,04/24/25,https://www.si.com/nfl/packers/who-will-packers-select-jacob-westendorfs-first-round-mock-draft?utm_source=nflmockdraftdatabase&utm_medium=website&utm_content=read_mock_link,32
/mock-drafts/2025/4-for-4-2025-connor-allen?date=2025-04-24,32,32,26,7,26,7.4375,3.5,6,10,0.1875,0.21875,0.8125,0.3125,0.8125,1.0,40,96,0.4166666666666667,41.66666666666667,4 For 4,Connor Allen,04/24/25,https://www.4for4.com/2025/preseason/2025-nfl-mock-draft-connor-allens-final-mock-draft?utm_source=nflmockdraftdatabase&utm_medium=website&utm_content=read_mock_link,32
/mock-drafts/2025/draftwire-2025-jeff-risdon?date=2025-04-24,32,32,26,7,26,10.1875,4.5,6,7,0.1875,0.21875,0.8125,0.21875,0.8125,1.0,40,96,0.4166666666666667,41.66666666666667,Draftwire,Jeff Risdon,04/23/25,https://draftwire.usatoday.com/story/sports/nfl/draft/2025/04/23/final-7-round-mock-draft-projections-for-the-2025-nfl-draft/83196788007/?utm_source=nflmockdraftdatabase&utm_medium=website&utm_content=read_mock_link,32
/mock-drafts/2025/las-vegas-journal-2025-adam-hill?date=2025-04-22,32,32,28,6,28,10.3125,4.0,6,9,0.1875,0.1875,0.875,0.28125,0.875,1.0,40,96,0.4166666666666667,41.66666666666667,Las Vegas Journal,Adam Hill,04/22/25,https://www.reviewjournal.com/sports/raiders/final-2025-nfl-mock-draft-last-predictions-for-thursdays-1st-round-3361187/?utm_source=nflmockdraftdatabase&utm_medium=website&utm_content=read_mock_link,32
/mock-drafts/2025/the-athletic-2025-dane-brugler?date=2025-04-24,32,32,28,6,28,5.625,4.0,6,8,0.1875,0.1875,0.875,0.25,0.875,1.0,40,96,0.4166666666666667,41.66666666666667,The Athletic,Dane Brugler,04/24/25,https://www.nytimes.com/athletic/6299688/2025/04/24/nfl-mock-draft-2025-round-1/?utm_source=nflmockdraftdatabase&utm_medium=website&utm_content=read_mock_link,32
/mock-drafts/2025/sports-gambling-podcast-2025-sean-green?date=2025-04-22,32,32,28,6,28,8.40625,6.5,5,8,0.15625,0.1875,0.875,0.25,0.875,1.0,40,96,0.4166666666666667,41.66666666666667,Sports Gambling Podcast,Sean Green,04/22/25,https://www.sportsgamblingpodcast.com/2025/04/22/2025-nfl-mock-draft-final-sean-green/?utm_source=nflmockdraftdatabase&utm_medium=website&utm_content=read_mock_link,32
/mock-drafts/2025/fox-sports-2025-nick-wright?date=2025-04-14,32,32,25,7,25,13.375,5.5,8,10,0.25,0.21875,0.78125,0.3125,0.78125,1.0,39,96,0.40625,40.625,Fox Sports,Nick Wright,04/14/25,https://www.foxsports.com/stories/nfl/saints-grab-qb-5-wrs-go-top-20-nick-wrights-second-nfl-mock-draft?utm_source=nflmockdraftdatabase&utm_medium=website&utm_content=read_mock_link,32
/mock-drafts/2025/the-huddle-2025-david-dorey?date=2025-04-16,32,32,25,7,25,12.96875,4.5,8,10,0.25,0.21875,0.78125,0.3125,0.78125,1.0,39,96,0.40625,40.625,The Huddle,David Dorey,04/16/25,https://thehuddle.com/2025/04/16/2025-nfl-mock-draft-update-david-dorey/?utm_source=nflmockdraftdatabase&utm_medium=website&utm_content=read_mock_link,32
/mock-drafts/2025/sumer-sports-2025-matt-stopsky?date=2025-04-21,32,32,27,6,27,10.75,4.0,8,9,0.25,0.1875,0.84375,0.28125,0.84375,1.0,39,96,0.40625,40.625,Sumer Sports,Matt Stopsky,04/21/25,https://sumersports.com/the-zone/final-2025-nfl-mock-draft/?utm_source=nflmockdraftdatabase&utm_medium=website&utm_content=read_mock_link,32
/mock-drafts/2025/takeaways-2025?date=2025-04-24,32,32,27,6,27,8.5,4.0,8,9,0.25,0.1875,0.84375,0.28125,0.84375,1.0,39,96,0.40625,40.625,Takeaways,Staff,04/24/25,https://takeawaysfootball.com/2025-nfl-mock-draft-3-0-final-version/?utm_source=nflmockdraftdatabase&utm_medium=website&utm_content=read_mock_link,32
/mock-drafts/2025/bucs-nation-2025-mike-kiwak?date=2025-04-23,32,32,25,7,25,11.59375,5.0,7,8,0.21875,0.21875,0.78125,0.25,0.78125,1.0,39,96,0.40625,40.625,Bucs Nation,Mike Kiwak,04/23/25,https://www.bucsnation.com/2025/4/23/24414349/mike-kiwak-final-2025-nfl-first-round-mock-draft-bucs-nation?utm_source=nflmockdraftdatabase&utm_medium=website&utm_content=read_mock_link,32
/mock-drafts/2025/for-the-win-2025-christian-d-andrea?date=2025-04-22,32,32,25,7,25,12.96875,5.0,7,6,0.21875,0.21875,0.78125,0.1875,0.78125,1.0,39,96,0.40625,40.625,For The Win,Christian D'Andrea,04/22/25,https://ftw.usatoday.com/story/sports/nfl/2025/04/22/2025-nfl-mock-draft-saints-trade-shedeur-sanders-giants-quarterback/83162447007/?utm_source=nflmockdraftdatabase&utm_medium=website&utm_content=read_mock_link,32
/mock-drafts/2025/the-palm-beach-post-2025-joe-schad?date=2025-04-17,32,32,25,7,25,13.75,6.5,7,9,0.21875,0.21875,0.78125,0.28125,0.78125,1.0,39,96,0.40625,40.625,The Palm Beach Post,Joe Schad,04/17/25,https://www.palmbeachpost.com/story/sports/nfl/dolphins/2025/04/17/2025-nfl-draft-mock-draft-first-round-joe-schad-6-0-will-johnson/83127465007/?utm_source=nflmockdraftdatabase&utm_medium=website&utm_content=read_mock_link,32
/mock-drafts/2025/fansided-2025-cody-williams?date=2025-04-24,32,32,27,6,27,11.34375,5.0,7,6,0.21875,0.1875,0.84375,0.1875,0.84375,1.0,39,96,0.40625,40.625,Fansided,Cody Williams,04/24/25,https://fansided.com/2025-nfl-mock-draft-full-first-round-predictions?utm_source=nflmockdraftdatabase&utm_medium=website&utm_content=read_mock_link,32
/mock-drafts/2025/fantasy-pros-2025-kurt-blakeway?date=2025-04-22,32,32,27,6,27,11.6875,4.0,7,11,0.21875,0.1875,0.84375,0.34375,0.84375,1.0,39,96,0.40625,40.625,Fantasy Pros,Kurt Blakeway,04/22/25,https://www.fantasypros.com/2025/04/nfl-mock-draft-with-trades-first-round-picks-prediction/?utm_source=nflmockdraftdatabase&utm_medium=website&utm_content=read_mock_link,32
/mock-drafts/2025/fox-sports-2025-joel-klatt?date=2025-04-21,32,32,27,6,27,11.25,4.0,7,7,0.21875,0.1875,0.84375,0.21875,0.84375,1.0,39,96,0.40625,40.625,Fox Sports,Joel Klatt,04/21/25,https://www.foxsports.com/stories/nfl/2025-nfl-mock-draft-ashton-jeanty-goes-top-5-who-trades-up-jaxson-dart?utm_source=nflmockdraftdatabase&utm_medium=website&utm_content=read_mock_link,32
/mock-drafts/2025/draftwire-2025-natalie-miller?date=2025-04-20,32,32,25,7,25,14.375,4.5,6,6,0.1875,0.21875,0.78125,0.1875,0.78125,1.0,39,96,0.40625,40.625,Draftwire,Natalie Miller,04/19/25,https://draftwire.usatoday.com/story/sports/nfl/draft/2025/04/19/nfl-mock-draft-natalie-miller-2025-first-round/83174834007/?utm_source=nflmockdraftdatabase&utm_medium=website&utm_content=read_mock_link,32
/mock-drafts/2025/nfl-spin-zone-2025-sayre-bedinger?date=2025-04-22,32,32,25,7,25,12.84375,4.5,6,8,0.1875,0.21875,0.78125,0.25,0.78125,1.0,39,96,0.40625,40.625,NFL Spin Zone,Sayre Bedinger,04/22/25,https://nflspinzone.com/2025-nfl-mock-draft-two-round-mock-draft-with-qb-prospects-plummeting-01jsdqxm9p06?utm_source=nflmockdraftdatabase&utm_medium=website&utm_content=read_mock_link,32
/mock-drafts/2025/baltimoreravens-com-2025-ryan-mink?date=2025-04-24,32,32,27,6,27,11.15625,4.5,6,7,0.1875,0.1875,0.84375,0.21875,0.84375,1.0,39,96,0.40625,40.625,BaltimoreRavens.com,Ryan Mink,04/24/25,https://www.baltimoreravens.com/news/mock-draft-2025-round-1-ryan-mink-ravens?utm_source=nflmockdraftdatabase&utm_medium=website&utm_content=read_mock_link,32
/mock-drafts/2025/draftplex-2025-jason-pruett?date=2025-04-23,32,32,27,6,27,10.625,5.5,6,8,0.1875,0.1875,0.84375,0.25,0.84375,1.0,39,96,0.40625,40.625,DRAFTPLEX,Jason Pruett,04/23/25,https://nfldraftplex.com/2025/04/23/2025-nfl-mock-draft-final-edition/?utm_source=nflmockdraftdatabase&utm_medium=website&utm_content=read_mock_link,32
/mock-drafts/2025/penn-live-2025?date=2025-04-24,32,32,27,6,27,6.65625,4.0,6,8,0.1875,0.1875,0.84375,0.25,0.84375,1.0,39,96,0.40625,40.625,Penn Live,Staff,04/24/25,https://www.pennlive.com/pennstatefootball/2025/04/pennlives-2025-nfl-mock-draft-penn-state-stars-steelers-more.html?utm_source=nflmockdraftdatabase&utm_medium=website&utm_content=read_mock_link,32
/mock-drafts/2025/si-2025-john-shipley?date=2025-04-23,32,32,27,6,27,11.5,7.0,6,6,0.1875,0.1875,0.84375,0.1875,0.84375,1.0,39,96,0.40625,40.625,SI,John Shipley,04/23/25,https://www.si.com/nfl/jaguars/jacksonville-draft-kelvin-banks-trevor-lawrence-ashton-jeanty?utm_source=nflmockdraftdatabase&utm_medium=website&utm_content=read_mock_link,32
/mock-drafts/2025/usa-today-2025-michael-middlehurst-schwartz?date=2025-04-24,32,32,27,6,27,10.8125,4.5,5,8,0.15625,0.1875,0.84375,0.25,0.84375,1.0,39,96,0.40625,40.625,USA Today,Michael Middlehurst-Schwartz,04/24/25,https://www.usatoday.com/story/sports/nfl/draft/2025/04/24/nfl-mock-draft-2025-final-first-round-projection-picks/83223614007/?utm_source=nflmockdraftdatabase&utm_medium=website&utm_content=read_mock_link,32
/mock-drafts/2025/nfl-com-2025-lance-zierlein?date=2025-04-24,32,32,29,5,29,8.3125,3.0,5,6,0.15625,0.15625,0.90625,0.1875,0.90625,1.0,39,96,0.40625,40.625,NFL.com,Lance Zierlein,04/24/25,https://www.nfl.com/news/lance-zierlein-2025-nfl-mock-draft-4-0-colts-trade-up-for-colston-loveland-saints-go-get-jaxson-dart?utm_source=nflmockdraftdatabase&utm_medium=website&utm_content=read_mock_link,32
/mock-drafts/2025/pro-football-network-2025-joe-deleone?date=2025-04-11,32,32,27,6,27,11.4375,5.0,2,8,0.0625,0.1875,0.84375,0.25,0.84375,1.0,39,96,0.40625,40.625,Pro Football Network,Joe DeLeone,04/10/25,https://www.profootballnetwork.com/3-round-nfl-mock-draft-deleone-april-2025/?utm_source=nflmockdraftdatabase&utm_medium=website&utm_content=read_mock_link,32
/mock-drafts/2025/twsn-2025-william-herman?date=2025-04-20,32,32,26,6,26,11.65625,4.0,8,10,0.25,0.1875,0.8125,0.3125,0.8125,1.0,38,96,0.3958333333333333,39.58333333333333,TWSN,William Herman,04/20/25,https://twsn.net/2025/04/20/nfl-mock-draft-first-round-2025/?utm_source=nflmockdraftdatabase&utm_medium=website&utm_content=read_mock_link,32
/mock-drafts/2025/am-ny-2025-nick-mongiovi?date=2025-04-20,32,32,26,6,26,12.46875,4.0,7,7,0.21875,0.1875,0.8125,0.21875,0.8125,1.0,38,96,0.3958333333333333,39.58333333333333,AM NY,Nick Mongiovi,04/20/25,https://www.amny.com/sports/25-nfl-mock-draft-4-20-25/?utm_source=nflmockdraftdatabase&utm_medium=website&utm_content=read_mock_link,32
/mock-drafts/2025/arizona-republic-2025-theo-mackie?date=2025-04-24,32,32,26,6,26,10.625,3.5,7,8,0.21875,0.1875,0.8125,0.25,0.8125,1.0,38,96,0.3958333333333333,39.58333333333333,Arizona Republic,Theo Mackie,04/24/25,https://www.azcentral.com/story/sports/nfl/cardinals/2025/04/24/final-nfl-mock-draft-cam-ward-goes-to-titans-shedeur-sanders-falls/83239323007/?utm_source=nflmockdraftdatabase&utm_medium=website&utm_content=read_mock_link,32
/mock-drafts/2025/player-profiler-2025-dan-fornek?date=2025-04-20,32,32,26,6,26,12.90625,5.5,7,7,0.21875,0.1875,0.8125,0.21875,0.8125,1.0,38,96,0.3958333333333333,39.58333333333333,Player Profiler,Dan Fornek,04/20/25,https://www.playerprofiler.com/article/2025-nfl-mock-draft-round-1/?utm_source=nflmockdraftdatabase&utm_medium=website&utm_content=read_mock_link,32
/mock-drafts/2025/rotoballer-2025-chris-gregory?date=2025-04-21,32,32,26,6,26,13.5625,5.5,7,6,0.21875,0.1875,0.8125,0.1875,0.8125,1.0,38,96,0.3958333333333333,39.58333333333333,Rotoballer,Chris Gregory,04/21/25,https://www.rotoballer.com/2025-nfl-mock-draft-three-round-predictions/1593270?utm_source=nflmockdraftdatabase&utm_medium=website&utm_content=read_mock_link,32
/mock-drafts/2025/the-huddle-2025-cory-bonini?date=2025-04-24,32,32,26,6,26,12.0,7.0,7,9,0.21875,0.1875,0.8125,0.28125,0.8125,1.0,38,96,0.3958333333333333,39.58333333333333,The Huddle,Cory Bonini,04/24/25,https://thehuddle.com/lists/cory-bonini-2025-nfl-mock-draft-final-update/?utm_source=nflmockdraftdatabase&utm_medium=website&utm_content=read_mock_link,32
/mock-drafts/2025/sb-nation-2025-j-p-acosta?date=2025-04-24,32,32,24,7,24,11.5625,4.5,6,10,0.1875,0.21875,0.75,0.3125,0.75,1.0,38,96,0.3958333333333333,39.58333333333333,SB Nation,J.P. Acosta,04/24/25,https://www.sbnation.com/nfl/2025/4/24/24415264/nfl-mock-draft-2025-final-thursday-first-round-projection?utm_source=nflmockdraftdatabase&utm_medium=website&utm_content=read_mock_link,32
/mock-drafts/2025/barstool-sports-2025-liam-blutman?date=2025-04-24,32,32,26,6,26,11.78125,5.0,6,6,0.1875,0.1875,0.8125,0.1875,0.8125,1.0,38,96,0.3958333333333333,39.58333333333333,Barstool Sports,Liam Blutman,04/24/25,https://liamblutman.substack.com/p/2025-nfl-mock-draft-v10?utm_source=nflmockdraftdatabase&utm_medium=website&utm_content=read_mock_link,32
/mock-drafts/2025/cbs-2025-tyler-sullivan?date=2025-04-19,32,32,26,6,26,13.09375,4.0,6,7,0.1875,0.1875,0.8125,0.21875,0.8125,1.0,38,96,0.3958333333333333,39.58333333333333,CBS,Tyler Sullivan,04/19/25,https://www.cbssports.com/nfl/news/2025-nfl-mock-draft-four-qbs-come-off-the-board-in-first-round-including-jalen-milroe-to-nfc-contender/?utm_source=nflmockdraftdatabase&utm_medium=website&utm_content=read_mock_link,32
/mock-drafts/2025/pewter-report-2025-scott-reynolds?date=2025-04-23,32,32,26,6,26,11.375,5.5,6,9,0.1875,0.1875,0.8125,0.28125,0.8125,1.0,38,96,0.3958333333333333,39.58333333333333,Pewter Report,Scott Reynolds,04/23/25,https://www.pewterreport.com/srs-2025-nfl-mock-draft-first-round-final/?utm_source=nflmockdraftdatabase&utm_medium=website&utm_content=read_mock_link,32
/mock-drafts/2025/si-2025-matt-brandon?date=2025-04-22,32,32,26,6,26,11.5,4.0,6,9,0.1875,0.1875,0.8125,0.28125,0.8125,1.0,38,96,0.3958333333333333,39.58333333333333,SI,Matt Brandon,04/22/25,https://www.si.com/onsi/fantasy/nfl/2025-nfl-mock-draft-ashton-jeanty-rises-shedeur-sanders-slides?utm_source=nflmockdraftdatabase&utm_medium=website&utm_content=read_mock_link,32
/mock-drafts/2025/football-nick-2025-nick-barrett?date=2025-04-24,32,32,28,5,28,7.5,5.0,6,10,0.1875,0.15625,0.875,0.3125,0.875,1.0,38,96,0.3958333333333333,39.58333333333333,Football Nick,Nick Barrett,04/23/25,https://footballnick.substack.com/p/nfl-mock-draft-2025-final?utm_source=nflmockdraftdatabase&utm_medium=website&utm_content=read_mock_link,32
/mock-drafts/2025/lets-go-wi-2025-zach-brunner?date=2025-04-23,32,32,28,5,28,11.125,6.5,6,7,0.1875,0.15625,0.875,0.21875,0.875,1.0,38,96,0.3958333333333333,39.58333333333333,Let's Go WI,Zach Brunner,04/23/25,https://letsgowi.com/nfl-mock-draft-first-round-projections-2025/?utm_source=nflmockdraftdatabase&utm_medium=website&utm_content=read_mock_link,32
/mock-drafts/2025/pro-football-network-2025-brentley-weissman?date=2025-04-24,32,32,28,5,28,10.4375,3.0,6,7,0.1875,0.15625,0.875,0.21875,0.875,1.0,38,96,0.3958333333333333,39.58333333333333,Pro Football Network,Brentley Weissman,04/23/25,https://www.profootballnetwork.com/3-round-nfl-mock-draft-weissman-april-2025/?utm_source=nflmockdraftdatabase&utm_medium=website&utm_content=read_mock_link,32
/mock-drafts/2025/twsn-2025-landon-belote?date=2025-04-24,32,32,28,5,28,9.84375,5.5,6,9,0.1875,0.15625,0.875,0.28125,0.875,1.0,38,96,0.3958333333333333,39.58333333333333,TWSN,Landon Belote,04/24/25,https://twsn.net/2025/04/24/nfl-draft-day-final-first-round-mock-2025/?utm_source=nflmockdraftdatabase&utm_medium=website&utm_content=read_mock_link,32
/mock-drafts/2025/cbs-2025-ryan-wilson?date=2025-04-24,32,32,26,6,26,11.78125,7.0,5,10,0.15625,0.1875,0.8125,0.3125,0.8125,1.0,38,96,0.3958333333333333,39.58333333333333,CBS,Ryan Wilson,04/24/25,https://www.cbssports.com/nfl/draft/news/2025-nfl-mock-draft-predicting-every-teams-first-round-pick-before-night-one-kicks-off-from-green-bay/?utm_source=nflmockdraftdatabase&utm_medium=website&utm_content=read_mock_link,32
/mock-drafts/2025/nj-com-2025-cayden-steele?date=2025-04-24,32,32,26,6,26,11.5,7.0,5,6,0.15625,0.1875,0.8125,0.1875,0.8125,1.0,38,96,0.3958333333333333,39.58333333333333,NJ.com,Cayden Steele,04/24/25,https://www.nj.com/sports/2025/04/2025-nfl-mock-draft-giants-make-stunning-trade-to-land-franchise-qb-eagles-steal-defensive-star.html?utm_source=nflmockdraftdatabase&utm_medium=website&utm_content=read_mock_link,32
/mock-drafts/2025/the-baltimore-banner-2025-jonas-shaffer?date=2025-04-21,32,32,26,6,26,11.1875,3.5,5,5,0.15625,0.1875,0.8125,0.15625,0.8125,1.0,38,96,0.3958333333333333,39.58333333333333,The Baltimore Banner,Jonas Shaffer,04/21/25,https://www.thebaltimorebanner.com/sports/ravens-nfl/ravens-mock-draft-big-board-first-round-2025-targets-eric-decosta-7H6GKALAORDHZKMLFSQD5ZZBEU/?utm_source=nflmockdraftdatabase&utm_medium=website&utm_content=read_mock_link,32
/mock-drafts/2025/philly-voice-2025-jimmy-kempski?date=2025-04-24,32,32,28,5,28,11.59375,7.0,5,6,0.15625,0.15625,0.875,0.1875,0.875,1.0,38,96,0.3958333333333333,39.58333333333333,Philly Voice,Jimmy Kempski,04/23/25,https://www.phillyvoice.com/jimmy-kempski-full-first-round-2025-nfl-mock-draft/?utm_source=nflmockdraftdatabase&utm_medium=website&utm_content=read_mock_link,32
/mock-drafts/2025/the-mirror-2025-charlie-wilson?date=2025-04-24,32,32,28,5,28,10.875,5.0,5,8,0.15625,0.15625,0.875,0.25,0.875,1.0,38,96,0.3958333333333333,39.58333333333333,The Mirror,Charlie Wilson,04/24/25,https://www.themirror.com/sport/american-football/nfl-mock-draft-final-prediction-1108190?utm_source=nflmockdraftdatabase&utm_medium=website&utm_content=read_mock_link,32
/mock-drafts/2025/bleacher-report-2025-brent-sobleski?date=2025-04-24,32,32,26,6,26,11.75,4.0,4,9,0.125,0.1875,0.8125,0.28125,0.8125,1.0,38,96,0.3958333333333333,39.58333333333333,Bleacher Report,Brent Sobleski,04/24/25,https://bleacherreport.com/articles/25189642-2025-nfl-mock-draft-br-nfl-scouting-depts-final-picks?utm_source=nflmockdraftdatabase&utm_medium=website&utm_content=read_mock_link,32
/mock-drafts/2025/ny-daily-news-2025-antwan-staley?date=2025-04-19,32,32,26,6,26,13.40625,6.5,4,7,0.125,0.1875,0.8125,0.21875,0.8125,1.0,38,96,0.3958333333333333,39.58333333333333,NY Daily News,Antwan Staley,04/19/25,https://www.nydailynews.com/2025/04/19/shedeur-sanders-daily-news-nfl-mock-draft-ward-carter/?utm_source=nflmockdraftdatabase&utm_medium=website&utm_content=read_mock_link,32
/mock-drafts/2025/boston-globe-2025-ben-volin?date=2025-04-11,32,32,25,6,25,12.59375,6.0,8,9,0.25,0.1875,0.78125,0.28125,0.78125,1.0,37,96,0.3854166666666667,38.54166666666667,Boston Globe,Ben Volin,04/11/25,https://www.bostonglobe.com/2025/04/11/sports/nfl-mock-draft-2025-ben-volin-patriots/?utm_source=nflmockdraftdatabase&utm_medium=website&utm_content=read_mock_link,32
/mock-drafts/2025/empire-sports-media-2025-john-molnar?date=2025-04-21,32,32,25,6,25,13.1875,6.0,8,9,0.25,0.1875,0.78125,0.28125,0.78125,1.0,37,96,0.3854166666666667,38.54166666666667,Empire Sports Media,John Molnar,04/21/25,https://empiresportsmedia.com/nfl-draft/nfl-mock-draft-4-0-giants-trade-up-for-qb-shedeur-sanders-slips-chiefs-land-elite-te/?utm_source=nflmockdraftdatabase&utm_medium=website&utm_content=read_mock_link,32
/mock-drafts/2025/akron-beacon-journal-2025-dan-kadar?date=2025-04-24,32,32,25,6,25,11.71875,5.5,7,10,0.21875,0.1875,0.78125,0.3125,0.78125,1.0,37,96,0.3854166666666667,38.54166666666667,Akron Beacon Journal,Dan Kadar,04/24/25,https://www.beaconjournal.com/story/sports/nfl/2025/04/24/2025-nfl-mock-draft-final/83062304007/?utm_source=nflmockdraftdatabase&utm_medium=website&utm_content=read_mock_link,32
/mock-drafts/2025/bears-wire-2025-alyssa-barbieri?date=2025-04-21,32,32,25,6,25,12.0625,5.5,7,7,0.21875,0.1875,0.78125,0.21875,0.78125,1.0,37,96,0.3854166666666667,38.54166666666667,Bears Wire,Alyssa Barbieri,04/21/25,https://bearswire.usatoday.com/story/sports/nfl/bears/2025/04/21/2025-nfl-mock-draft-first-round-computer-simulation-espn/83185260007/?utm_source=nflmockdraftdatabase&utm_medium=website&utm_content=read_mock_link,32
/mock-drafts/2025/nfl-com-2025-chad-reuter?date=2025-04-18,32,32,25,6,25,12.5625,6.5,7,5,0.21875,0.1875,0.78125,0.15625,0.78125,1.0,37,96,0.3854166666666667,38.54166666666667,NFL.com,Chad Reuter,04/18/25,https://www.nfl.com/news/seven-round-2025-nfl-mock-draft-round-one?utm_source=nflmockdraftdatabase&utm_medium=website&utm_content=read_mock_link,32
/mock-drafts/2025/philadelphia-inquirer-2025-devin-jackson?date=2025-04-23,32,32,25,6,25,14.09375,7.0,7,10,0.21875,0.1875,0.78125,0.3125,0.78125,1.0,37,96,0.3854166666666667,38.54166666666667,Philadelphia Inquirer,Devin Jackson,04/23/25,https://www.inquirer.com/eagles/nfl-draft-2025-eagles-predictions-walter-nolen-ole-miss-20250423.html?utm_source=nflmockdraftdatabase&utm_medium=website&utm_content=read_mock_link,32
/mock-drafts/2025/pro-football-network-2025-ian-cummings?date=2025-04-19,32,32,25,6,25,15.40625,5.0,7,7,0.21875,0.1875,0.78125,0.21875,0.78125,1.0,37,96,0.3854166666666667,38.54166666666667,Pro Football Network,Ian Cummings,04/19/25,https://www.profootballnetwork.com/7-round-nfl-mock-draft-cummings-april-2025/?utm_source=nflmockdraftdatabase&utm_medium=website&utm_content=read_mock_link,32
/mock-drafts/2025/si-2025-richie-bradshaw?date=2025-04-24,32,32,25,6,25,14.8125,7.0,7,9,0.21875,0.1875,0.78125,0.28125,0.78125,1.0,37,96,0.3854166666666667,38.54166666666667,SI,Richie Bradshaw,04/24/25,https://www.si.com/nfl/cardinals/news/final-nfl-mock-draft-chaos-ensues?utm_source=nflmockdraftdatabase&utm_medium=website&utm_content=read_mock_link,32
/mock-drafts/2025/bleeding-green-nation-2025-ben-natan?date=2025-04-23,32,32,27,5,27,9.3125,5.0,7,9,0.21875,0.15625,0.84375,0.28125,0.84375,1.0,37,96,0.3854166666666667,38.54166666666667,Bleeding Green Nation,Ben Natan,04/23/25,https://www.bleedinggreennation.com/2025/4/23/24415010/nfl-mock-draft-2025-what-would-do-for-all-32-first-round-picks-philadelphia-eagles?utm_source=nflmockdraftdatabase&utm_medium=website&utm_content=read_mock_link,32
/mock-drafts/2025/cbs-2025-garrett-podell?date=2025-04-20,32,32,27,5,27,10.9375,4.0,7,9,0.21875,0.15625,0.84375,0.28125,0.84375,1.0,37,96,0.3854166666666667,38.54166666666667,CBS,Garrett Podell,04/20/25,https://www.cbssports.com/nfl/news/2025-nfl-mock-draft-cowboys-get-their-wr2-eagles-get-another-late-steal-chiefs-help-out-patrick-mahomes/?utm_source=nflmockdraftdatabase&utm_medium=website&utm_content=read_mock_link,32
/mock-drafts/2025/cbs-2025-jared-dubin?date=2025-04-13,32,32,27,5,27,11.59375,4.0,7,7,0.21875,0.15625,0.84375,0.21875,0.84375,1.0,37,96,0.3854166666666667,38.54166666666667,CBS,Jared Dubin,04/13/25,https://www.cbssports.com/nfl/draft/news/2025-nfl-mock-draft-shedeur-sanders-falls-to-saints-steelers-fill-need-at-quarterback/?utm_source=nflmockdraftdatabase&utm_medium=website&utm_content=read_mock_link,32
/mock-drafts/2025/newsweek-2025-seth-quinn?date=2025-04-18,32,32,27,5,27,12.71875,6.5,7,6,0.21875,0.15625,0.84375,0.1875,0.84375,1.0,37,96,0.3854166666666667,38.54166666666667,Newsweek,Seth Quinn,04/18/25,https://www.newsweek.com/sports/nfl/nfl-mock-draft-2025-60-final-week-first-round-prediction-2061318?utm_source=nflmockdraftdatabase&utm_medium=website&utm_content=read_mock_link,32
/mock-drafts/2025/si-2025-carter-landis?date=2025-04-18,32,32,27,5,27,11.875,5.0,7,9,0.21875,0.15625,0.84375,0.28125,0.84375,1.0,37,96,0.3854166666666667,38.54166666666667,SI,Carter Landis,04/18/25,https://www.si.com/nfl/raiders/las-vegas-mock-draft-abdul-carter-jalon-walker-shedeur-sanders-will-campbell?utm_source=nflmockdraftdatabase&utm_medium=website&utm_content=read_mock_link,32
/mock-drafts/2025/ucsd-guardian-2025-isaiah-benitez?date=2025-04-22,32,32,27,5,27,10.625,3.5,7,11,0.21875,0.15625,0.84375,0.34375,0.84375,1.0,37,96,0.3854166666666667,38.54166666666667,UCSD Guardian,Isaiah Benitez,04/22/25,https://ucsdguardian.org/2025/04/22/the-ucsd-guardians-2025-nfl-mock-draft/?utm_source=nflmockdraftdatabase&utm_medium=website&utm_content=read_mock_link,32
/mock-drafts/2025/cat-scratch-reader-2025-daniel-belton?date=2025-04-17,32,32,25,6,25,16.75,8.0,6,7,0.1875,0.1875,0.78125,0.21875,0.78125,1.0,37,96,0.3854166666666667,38.54166666666667,Cat Scratch Reader,Daniel Belton,04/17/25,https://www.catscratchreader.com/2025/4/17/24408076/csr-2025-nfl-mock-draft-4-0?utm_source=nflmockdraftdatabase&utm_medium=website&utm_content=read_mock_link,32
/mock-drafts/2025/denver-post-2025-parker-gabriel?date=2025-04-23,32,32,25,6,25,10.0625,3.5,6,8,0.1875,0.1875,0.78125,0.25,0.78125,1.0,37,96,0.3854166666666667,38.54166666666667,Denver Post,Parker Gabriel,04/23/25,https://www.denverpost.com/2025/04/23/nfl-first-round-mock-draft-shedueur-sanders/?utm_source=nflmockdraftdatabase&utm_medium=website&utm_content=read_mock_link,32
/mock-drafts/2025/nfl-com-2025-eric-edholm?date=2025-04-21,32,32,25,6,25,14.1875,6.0,6,11,0.1875,0.1875,0.78125,0.34375,0.78125,1.0,37,96,0.3854166666666667,38.54166666666667,NFL.com,Eric Edholm,04/21/25,https://www.nfl.com/news/eric-edholm-2025-nfl-mock-draft-3-0-four-first-round-quarterbacks-jaguars-take-rb-ashton-jeanty?utm_source=nflmockdraftdatabase&utm_medium=website&utm_content=read_mock_link,32
/mock-drafts/2025/33rd-team-2025-ari-meirov?date=2025-04-23,32,32,27,5,27,11.4375,6.5,6,8,0.1875,0.15625,0.84375,0.25,0.84375,1.0,37,96,0.3854166666666667,38.54166666666667,33rd Team,Ari Meirov,04/23/25,https://www.the33rdteam.com/2025-nfl-mock-draft-final-projections-no-trades/?utm_source=nflmockdraftdatabase&utm_medium=website&utm_content=read_mock_link,32
/mock-drafts/2025/la-times-2025-sam-farmer?date=2025-04-23,32,32,27,5,27,11.53125,5.0,6,8,0.1875,0.15625,0.84375,0.25,0.84375,1.0,37,96,0.3854166666666667,38.54166666666667,LA Times,Sam Farmer,04/23/25,https://www.latimes.com/sports/story/2025-04-23/sam-farmers-final-2025-nfl-mock-draft?utm_source=nflmockdraftdatabase&utm_medium=website&utm_content=read_mock_link,32
/mock-drafts/2025/stacking-the-board-2025-michael-marino?date=2025-04-22,32,32,27,5,27,10.65625,5.0,6,8,0.1875,0.15625,0.84375,0.25,0.84375,1.0,37,96,0.3854166666666667,38.54166666666667,Stacking The Board,Michael Marino,04/21/25,https://stackingtheboard.wordpress.com/2025/04/21/2025-michael-marino-nfl-mock-draft/?utm_source=nflmockdraftdatabase&utm_medium=website&utm_content=read_mock_link,32
/mock-drafts/2025/33rd-team-2025-kyle-crabbs?date=2025-04-23,32,32,25,6,25,11.1875,6.0,5,6,0.15625,0.1875,0.78125,0.1875,0.78125,1.0,37,96,0.3854166666666667,38.54166666666667,33rd Team,Kyle Crabbs,04/23/25,https://www.the33rdteam.com/2025-nfl-mock-draft-final-predictions-for-entire-first-round/?utm_source=nflmockdraftdatabase&utm_medium=website&utm_content=read_mock_link,32
/mock-drafts/2025/the-athletic-2025-austin-mock?date=2025-04-24,32,32,27,5,27,7.8125,5.0,5,6,0.15625,0.15625,0.84375,0.1875,0.84375,1.0,37,96,0.3854166666666667,38.54166666666667,The Athletic,Austin Mock,04/24/25,https://www.nytimes.com/athletic/6290515/2025/04/24/nfl-mock-draft-2025-big-board-analytics/?utm_source=nflmockdraftdatabase&utm_medium=website&utm_content=read_mock_link,32
/mock-drafts/2025/windy-city-gridiron-2025-bill-zimmerman?date=2025-04-24,32,32,27,5,27,8.875,6.5,4,6,0.125,0.15625,0.84375,0.1875,0.84375,1.0,37,96,0.3854166666666667,38.54166666666667,Windy City Gridiron,Bill Zimmerman,04/24/25,https://www.windycitygridiron.com/2025/4/24/24415144/bill-zimmerman-2025-nfl-mock-draft-the-chicago-bears-make-a-trade-for-ashton-jeanty?utm_source=nflmockdraftdatabase&utm_medium=website&utm_content=read_mock_link,32
/mock-drafts/2025/establish-the-run-2025-evan-silva?date=2025-04-24,32,32,29,4,29,6.5,4.0,4,10,0.125,0.125,0.90625,0.3125,0.90625,1.0,37,96,0.3854166666666667,38.54166666666667,Establish The Run,Evan Silva,04/24/25,https://establishtherun.com/silva-final-2025-nfl-mock-draft/?utm_source=nflmockdraftdatabase&utm_medium=website&utm_content=read_mock_link,32
/mock-drafts/2025/33rd-team-2025-james-foster?date=2025-04-18,32,32,26,5,26,12.96875,5.0,7,11,0.21875,0.15625,0.8125,0.34375,0.8125,1.0,36,96,0.375,37.5,33rd Team,James Foster,04/18/25,https://www.the33rdteam.com/2025-nfl-mock-draft-picks-predictions-for-first-3-rounds/?utm_source=nflmockdraftdatabase&utm_medium=website&utm_content=read_mock_link,32
/mock-drafts/2025/ba-sports-podcast-2025-brady-auer?date=2025-04-24,32,32,26,5,26,11.65625,4.5,7,5,0.21875,0.15625,0.8125,0.15625,0.8125,1.0,36,96,0.375,37.5,BA Sports Podcast,Brady Auer,04/24/25,https://preview.mailerlite.io/emails/webview/400977/152540354245035162?utm_source=nflmockdraftdatabase&utm_medium=website&utm_content=read_mock_link,32
/mock-drafts/2025/fox-sports-2025-geoff-schwartz?date=2025-04-18,32,32,26,5,26,12.40625,4.0,7,9,0.21875,0.15625,0.8125,0.28125,0.8125,1.0,36,96,0.375,37.5,Fox Sports,Geoff Schwartz,04/18/25,https://www.foxsports.com/stories/nfl/2025-nfl-mock-draft-2-0-browns-select-hunter-no-2-giants-take-carter-no-3?utm_source=nflmockdraftdatabase&utm_medium=website&utm_content=read_mock_link,32
/mock-drafts/2025/outkick-2025-dan-zaksheske?date=2025-04-17,32,32,26,5,26,12.59375,5.0,7,8,0.21875,0.15625,0.8125,0.25,0.8125,1.0,36,96,0.375,37.5,Outkick,Dan Zaksheske,04/17/25,https://www.outkick.com/sports/outkick-2025-nfl-mock-draft-2-0-shedeur-sanders-travis-hunter?utm_source=nflmockdraftdatabase&utm_medium=website&utm_content=read_mock_link,32
/mock-drafts/2025/sb-nation-2025-james-dator?date=2025-04-21,32,32,26,5,26,13.40625,4.5,7,10,0.21875,0.15625,0.8125,0.3125,0.8125,1.0,36,96,0.375,37.5,SB Nation,James Dator,04/21/25,https://www.sbnation.com/nfl/2025/4/21/24408960/nfl-mock-draft-2025-picks-predictions-7-rounds?utm_source=nflmockdraftdatabase&utm_medium=website&utm_content=read_mock_link,32
/mock-drafts/2025/the-athletic-2025?date=2025-04-23,32,32,26,5,26,10.6875,4.5,7,10,0.21875,0.15625,0.8125,0.3125,0.8125,1.0,36,96,0.375,37.5,The Athletic,Staff,04/23/25,https://www.nytimes.com/athletic/6298225/2025/04/23/nfl-mock-draft-2025-shedeur-sanders/?utm_source=nflmockdraftdatabase&utm_medium=website&utm_content=read_mock_link,32
/mock-drafts/2025/barstool-sports-2025-steven-cheah?date=2025-04-23,32,32,26,5,26,10.65625,4.0,6,7,0.1875,0.15625,0.8125,0.21875,0.8125,1.0,36,96,0.375,37.5,Barstool Sports,Steven Cheah,04/23/25,https://www.barstoolsports.com/blog/3543457/steven-cheahs-2025-final-nfl-mock-draft?utm_source=nflmockdraftdatabase&utm_medium=website&utm_content=read_mock_link,32
/mock-drafts/2025/cbs-2025-michael-renner?date=2025-04-24,32,32,26,5,26,11.0625,5.0,6,10,0.1875,0.15625,0.8125,0.3125,0.8125,1.0,36,96,0.375,37.5,CBS,Michael Renner,04/24/25,https://www.cbssports.com/nfl/draft/news/2025-nfl-mock-draft-steelers-snag-shedeur-sanders-cowboys-trade-into-top-5-and-nfc-contenders-add-wrs/?utm_source=nflmockdraftdatabase&utm_medium=website&utm_content=read_mock_link,32
/mock-drafts/2025/draft-sharks-2025-shane-hallam?date=2025-04-15,32,32,26,5,26,12.125,6.0,6,9,0.1875,0.15625,0.8125,0.28125,0.8125,1.0,36,96,0.375,37.5,Draft Sharks,Shane Hallam,04/15/25,https://www.draftsharks.com/article/2025-nfl-mock-draft--seven-rounds?utm_source=nflmockdraftdatabase&utm_medium=website&utm_content=read_mock_link,32
/mock-drafts/2025/draftwire-2025-curt-popejoy?date=2025-04-24,32,32,26,5,26,10.59375,4.0,6,7,0.1875,0.15625,0.8125,0.21875,0.8125,1.0,36,96,0.375,37.5,Draftwire,Curt Popejoy,04/24/25,https://draftwire.usatoday.com/story/sports/nfl/draft/2025/04/24/2025-nfl-draft-official-prediction-mock-draft/83240519007/?utm_source=nflmockdraftdatabase&utm_medium=website&utm_content=read_mock_link,32
/mock-drafts/2025/the-draft-network-2025-ryan-fowler?date=2025-04-23,32,32,26,5,26,10.34375,6.0,6,8,0.1875,0.15625,0.8125,0.25,0.8125,1.0,36,96,0.375,37.5,The Draft Network,Ryan Fowler,04/23/25,https://www.thedraftnetwork.com/2025/04/23/nfl-mock-draft-2025-ryan-fowler-final?utm_source=nflmockdraftdatabase&utm_medium=website&utm_content=read_mock_link,32
/mock-drafts/2025/draft-utopia-2025-chris-ransom?date=2025-04-24,32,32,24,6,24,16.75,4.5,5,6,0.15625,0.1875,0.75,0.1875,0.75,1.0,36,96,0.375,37.5,Draft Utopia,Chris Ransom,04/24/25,"https://draftutopia.com/2025nflmockdraft.html,https://draftutopia.com/2025nflmockdraftround1.html?utm_source=nflmockdraftdatabase&utm_medium=website&utm_content=read_mock_link",32
/mock-drafts/2025/football-guys-2025-meng-song?date=2025-04-22,32,32,26,5,26,13.0625,5.5,5,9,0.15625,0.15625,0.8125,0.28125,0.8125,1.0,36,96,0.375,37.5,Football Guys,Meng Song,04/22/25,https://www.footballguys.com/article/2025-nfl-mock-draft-meng-song-2?utm_source=nflmockdraftdatabase&utm_medium=website&utm_content=read_mock_link,32
/mock-drafts/2025/lions-wire-2025-russell-brown?date=2025-04-24,32,32,26,5,26,10.40625,3.5,5,8,0.15625,0.15625,0.8125,0.25,0.8125,1.0,36,96,0.375,37.5,Lions Wire,Russell Brown,04/24/25,https://lionswire.usatoday.com/story/sports/nfl/lions/2025/04/24/2025-nfl-mock-draft-russell-browns-final-first-round-predictions/83254584007/?utm_source=nflmockdraftdatabase&utm_medium=website&utm_content=read_mock_link,32
/mock-drafts/2025/yahoo-2025?date=2025-04-24,32,32,26,5,26,11.78125,6.5,5,7,0.15625,0.15625,0.8125,0.21875,0.8125,1.0,36,96,0.375,37.5,Yahoo,Staff,04/24/25,https://sports.yahoo.com/nfl/article/2025-nfl-mock-draft-final-first-round-picks-trades-see-where-shedeur-sanders-does-or-doesnt-go-194016354.html?utm_source=nflmockdraftdatabase&utm_medium=website&utm_content=read_mock_link,32
/mock-drafts/2025/koa-2025-benjamin-allbright?date=2025-04-23,32,32,28,4,28,10.9375,6.0,5,7,0.15625,0.125,0.875,0.21875,0.875,1.0,36,96,0.375,37.5,KOA,Benjamin Allbright,04/23/25,https://koacolorado.iheart.com/featured/koa-denver-broncos/content/2025-04-23-benjamin-allbright-2025-nfl-draft-mock-draft/?utm_source=nflmockdraftdatabase&utm_medium=website&utm_content=read_mock_link,32
/mock-drafts/2025/sun-sentinel-2025-chris-perkins?date=2025-04-20,32,32,28,4,28,11.84375,7.0,5,10,0.15625,0.125,0.875,0.3125,0.875,1.0,36,96,0.375,37.5,Sun Sentinel,Chris Perkins,04/20/25,https://www.sun-sentinel.com/2025/04/20/chris-perkins-final-nfl-mock-draft-dolphins-make-the-obvious-choice-right/?utm_source=nflmockdraftdatabase&utm_medium=website&utm_content=read_mock_link,32
/mock-drafts/2025/bears-wire-2025-vincent-parise?date=2025-04-24,32,32,26,5,26,12.125,5.0,4,9,0.125,0.15625,0.8125,0.28125,0.8125,1.0,36,96,0.375,37.5,Bears Wire,Vincent Parise,04/24/25,https://bearswire.usatoday.com/story/sports/nfl/bears/2025/04/24/2025-nfl-mock-draft-final-first-round-projections/83212890007/?utm_source=nflmockdraftdatabase&utm_medium=website&utm_content=read_mock_link,32
/mock-drafts/2025/raiders-wire-2025-a-j-cola?date=2025-04-13,32,32,23,6,23,18.1875,7.5,8,7,0.25,0.1875,0.71875,0.21875,0.71875,1.0,35,96,0.3645833333333333,36.45833333333333,Raiders Wire,A.J. Cola,04/13/25,https://raiderswire.usatoday.com/story/sports/nfl/2025/04/13/2025-nfl-mock-draft-steelers-shedeur-sanders/83052430007/?utm_source=nflmockdraftdatabase&utm_medium=website&utm_content=read_mock_link,32
/mock-drafts/2025/nfl-com-2025-bucky-brooks?date=2025-04-22,32,32,25,5,25,13.375,7.0,7,7,0.21875,0.15625,0.78125,0.21875,0.78125,1.0,35,96,0.3645833333333333,36.45833333333333,NFL.com,Bucky Brooks,04/22/25,https://www.nfl.com/news/bucky-brooks-2025-nfl-mock-draft-4-0-steelers-land-shedeur-sanders-cowboys-broncos-select-rbs?utm_source=nflmockdraftdatabase&utm_medium=website&utm_content=read_mock_link,32
/mock-drafts/2025/sleepercfb-2025-jack-wargo?date=2025-04-16,32,32,25,5,25,13.0,7.0,7,7,0.21875,0.15625,0.78125,0.21875,0.78125,1.0,35,96,0.3645833333333333,36.45833333333333,SleeperCFB,Jack Wargo,04/16/25,https://jackwargo2642.wixsite.com/jargo-blogs-1/post/sleepercfb-mock-draft-1-0?utm_source=nflmockdraftdatabase&utm_medium=website&utm_content=read_mock_link,32
/mock-drafts/2025/the-draft-network-2025-daniel-harms?date=2025-04-23,32,32,25,5,25,13.0625,7.0,7,9,0.21875,0.15625,0.78125,0.28125,0.78125,1.0,35,96,0.3645833333333333,36.45833333333333,The Draft Network,Daniel Harms,04/23/25,https://www.thedraftnetwork.com/2025/04/23/nfl-mock-draft-2025-daniel-harms-final?utm_source=nflmockdraftdatabase&utm_medium=website&utm_content=read_mock_link,32
/mock-drafts/2025/corny-sports-network-2025-trenton-corn?date=2025-04-21,32,32,25,5,25,14.5,6.5,6,6,0.1875,0.15625,0.78125,0.1875,0.78125,1.0,35,96,0.3645833333333333,36.45833333333333,Corny Sports Network,Trenton Corn,04/20/25,https://trentoncorn.substack.com/p/nfl-mock-draft-60-trenton-corns-final?utm_source=nflmockdraftdatabase&utm_medium=website&utm_content=read_mock_link,32
/mock-drafts/2025/football-guys-2025-matt-bitonti?date=2025-04-23,32,32,25,5,25,9.21875,4.0,6,12,0.1875,0.15625,0.78125,0.375,0.78125,1.0,35,96,0.3645833333333333,36.45833333333333,Football Guys,Matt Bitonti,04/23/25,https://www.footballguys.com/article/2025-nfl-mock-draft-final-from-matt-bitonti?utm_source=nflmockdraftdatabase&utm_medium=website&utm_content=read_mock_link,32
/mock-drafts/2025/si-2025-jared-feinberg?date=2025-04-21,32,32,25,5,25,13.84375,7.0,6,6,0.1875,0.15625,0.78125,0.1875,0.78125,1.0,35,96,0.3645833333333333,36.45833333333333,SI,Jared Feinberg,04/21/25,https://www.si.com/nfl/rams/los-angeles-draft-travis-hunter-ashton-jeanty-shedeur-sanders?utm_source=nflmockdraftdatabase&utm_medium=website&utm_content=read_mock_link,32
/mock-drafts/2025/vikings-wire-2025-andrew-harbaugh?date=2025-04-24,32,32,25,5,25,15.6875,11.0,6,7,0.1875,0.15625,0.78125,0.21875,0.78125,1.0,35,96,0.3645833333333333,36.45833333333333,Vikings Wire,Andrew Harbaugh,04/24/25,https://vikingswire.usatoday.com/story/sports/nfl/vikings/2025/04/24/2025-nfl-mock-draft-final-quarterbacks-shedeur-sanders-jalen-milroe-cam-ward-jaxson-dart/83243845007/?utm_source=nflmockdraftdatabase&utm_medium=website&utm_content=read_mock_link,32
/mock-drafts/2025/dynasty-nerds-2025-bobby-bishop?date=2025-04-20,32,32,27,4,27,12.09375,6.5,6,8,0.1875,0.125,0.84375,0.25,0.84375,1.0,35,96,0.3645833333333333,36.45833333333333,Dynasty Nerds,Bobby Bishop,04/20/25,https://www.dynastynerds.com/bobby-bishops-nfl-mock-draft-4-0/?utm_source=nflmockdraftdatabase&utm_medium=website&utm_content=read_mock_link,32
/mock-drafts/2025/all-things-nfl-2025-jack-bethel?date=2025-04-14,32,32,25,5,25,14.0625,6.0,5,8,0.15625,0.15625,0.78125,0.25,0.78125,1.0,35,96,0.3645833333333333,36.45833333333333,All Things NFL,Jack Bethel,04/14/25,https://medium.com/all-things-nfl/final-2025-nfl-mock-draft-2-0-0711e8a5fc08?utm_source=nflmockdraftdatabase&utm_medium=website&utm_content=read_mock_link,32
/mock-drafts/2025/cleveland-com-2025-tim-bielik?date=2025-04-24,32,32,25,5,25,11.96875,3.5,5,9,0.15625,0.15625,0.78125,0.28125,0.78125,1.0,35,96,0.3645833333333333,36.45833333333333,Cleveland.com,Tim Bielik,04/24/25,https://www.cleveland.com/browns/2025/04/what-will-andrew-berry-do-with-his-earliest-picks-in-4-years-tim-bieliks-final-nfl-mock-draft-2025.html?utm_source=nflmockdraftdatabase&utm_medium=website&utm_content=read_mock_link,32
/mock-drafts/2025/nbc-sports-2025-mike-florio?date=2025-04-24,32,32,25,5,25,11.6875,6.0,5,7,0.15625,0.15625,0.78125,0.21875,0.78125,1.0,35,96,0.3645833333333333,36.45833333333333,NBC Sports,Mike Florio,04/23/25,https://www.nbcsports.com/nfl/profootballtalk/rumor-mill/news/pfts-one-and-only-2025-nfl-first-round-mock-draft?utm_source=nflmockdraftdatabase&utm_medium=website&utm_content=read_mock_link,32
/mock-drafts/2025/pro-football-network-2025?date=2025-04-18,32,32,25,5,25,14.25,6.0,5,7,0.15625,0.15625,0.78125,0.21875,0.78125,1.0,35,96,0.3645833333333333,36.45833333333333,Pro Football Network,Staff,04/17/25,https://www.profootballnetwork.com/2025-nfl-mock-draft-stats-insights-3-round-mock-draft/?utm_source=nflmockdraftdatabase&utm_medium=website&utm_content=read_mock_link,32
/mock-drafts/2025/usa-today-2025-nate-davis?date=2025-04-21,32,32,25,5,25,12.875,5.5,5,8,0.15625,0.15625,0.78125,0.25,0.78125,1.0,35,96,0.3645833333333333,36.45833333333333,USA Today,Nate Davis,04/21/25,https://www.usatoday.com/story/sports/nfl/draft/2025/04/21/nfl-mock-draft-shedeur-sanders-steelers-saints-aaron-rodgers-bears/83190093007/?utm_source=nflmockdraftdatabase&utm_medium=website&utm_content=read_mock_link,32
/mock-drafts/2025/fox-news-2025?date=2025-04-24,32,32,27,4,27,11.53125,4.0,5,8,0.15625,0.125,0.84375,0.25,0.84375,1.0,35,96,0.3645833333333333,36.45833333333333,Fox News,Staff,04/24/25,https://www.foxnews.com/sports/fox-news-digital-sports-final-2025-nfl-mock-draft?utm_source=nflmockdraftdatabase&utm_medium=website&utm_content=read_mock_link,32
/mock-drafts/2025/nbc-sports-2025?date=2025-04-21,32,32,27,4,27,12.28125,4.0,5,6,0.15625,0.125,0.84375,0.1875,0.84375,1.0,35,96,0.3645833333333333,36.45833333333333,NBC Sports,Staff,04/21/25,https://www.nbcsports.com/nfl/draft/news/2025-nfl-mock-draft-steelers-land-shedeur-sanders-ashton-jeanty-falls-to-bears-in-collab-mock?utm_source=nflmockdraftdatabase&utm_medium=website&utm_content=read_mock_link,32
/mock-drafts/2025/nfl-com-2025-charles-davis?date=2025-04-23,32,32,27,4,27,8.40625,6.0,5,9,0.15625,0.125,0.84375,0.28125,0.84375,1.0,35,96,0.3645833333333333,36.45833333333333,NFL.com,Charles Davis,04/23/25,https://www.nfl.com/news/charles-davis-2025-nfl-mock-draft-3-0-cam-ward-only-qb-in-round-1-eagles-pick-te-mason-taylor?utm_source=nflmockdraftdatabase&utm_medium=website&utm_content=read_mock_link,32
/mock-drafts/2025/si-2025-alex-joyce?date=2025-04-13,32,32,27,4,27,11.375,5.0,5,9,0.15625,0.125,0.84375,0.28125,0.84375,1.0,35,96,0.3645833333333333,36.45833333333333,SI,Alex Joyce,04/13/25,https://www.si.com/college/southcarolina/2025-nfl-mock-draft-1-0-top-spot-remains-chalk-sanders-slides-patriots-protect-drake-maye-01jrravk7nh5?utm_source=nflmockdraftdatabase&utm_medium=website&utm_content=read_mock_link,32
/mock-drafts/2025/the-detroit-news-2025-nolan-bianchi?date=2025-04-23,32,32,27,4,27,8.0,4.5,5,5,0.15625,0.125,0.84375,0.15625,0.84375,1.0,35,96,0.3645833333333333,36.45833333333333,The Detroit News,Nolan Bianchi,04/23/25,https://www.detroitnews.com/story/sports/nfl/lions/2025/04/23/nolan-bianchis-final-2025-nfl-mock-draft-lions-add-receiver-who-sneaks-into-round-1/83238792007/?utm_source=nflmockdraftdatabase&utm_medium=website&utm_content=read_mock_link,32
/mock-drafts/2025/sports-gambling-podcast-2025-ryan-kramer?date=2025-04-23,32,32,27,4,27,11.125,4.5,4,6,0.125,0.125,0.84375,0.1875,0.84375,1.0,35,96,0.3645833333333333,36.45833333333333,Sports Gambling Podcast,Ryan Kramer,04/23/25,https://www.sportsgamblingpodcast.com/2025/04/22/2025-nfl-mock-draft-final-ryan-kramer/?utm_source=nflmockdraftdatabase&utm_medium=website&utm_content=read_mock_link,32
/mock-drafts/2025/cbs-2025-chris-trapasso?date=2025-04-24,32,32,25,5,25,12.84375,6.0,3,4,0.09375,0.15625,0.78125,0.125,0.78125,1.0,35,96,0.3645833333333333,36.45833333333333,CBS,Chris Trapasso,04/24/25,https://www.cbssports.com/nfl/draft/news/2025-nfl-mock-draft-three-qbs-in-round-1-plus-the-patriots-and-cowboys-take-the-first-two-wrs-off-the-board/?utm_source=nflmockdraftdatabase&utm_medium=website&utm_content=read_mock_link,32
/mock-drafts/2025/football-guys-2025-dave-kluge?date=2025-04-24,32,32,24,5,24,13.375,5.5,7,6,0.21875,0.15625,0.75,0.1875,0.75,1.0,34,96,0.3541666666666667,35.41666666666667,Football Guys,Dave Kluge,04/24/25,https://www.footballguys.com/article/2025-dave-kluge-nfl-mock-draft-final?utm_source=nflmockdraftdatabase&utm_medium=website&utm_content=read_mock_link,32
/mock-drafts/2025/cbs-2025-tom-fornelli?date=2025-04-18,32,32,26,4,26,12.0,4.0,6,7,0.1875,0.125,0.8125,0.21875,0.8125,1.0,34,96,0.3541666666666667,35.41666666666667,CBS,Tom Fornelli,04/18/25,https://www.cbssports.com/nfl/draft/news/nfl-mock-draft-2025-giants-end-up-taking-shedeur-sanders-at-no-3-as-three-qbs-are-selected-in-round-1/?utm_source=nflmockdraftdatabase&utm_medium=website&utm_content=read_mock_link,32
/mock-drafts/2025/mock-draft-hq-2025-d-wash?date=2025-04-24,32,32,26,4,26,14.8125,4.5,6,8,0.1875,0.125,0.8125,0.25,0.8125,1.0,34,96,0.3541666666666667,35.41666666666667,Mock Draft HQ,D Wash,04/24/25,https://www.mockdrafthq.com/2025-nfl-mock-draft/?utm_source=nflmockdraftdatabase&utm_medium=website&utm_content=read_mock_link,32
/mock-drafts/2025/draft-countdown-2025-brian-lamb?date=2025-04-24,32,32,24,5,24,15.71875,6.5,5,6,0.15625,0.15625,0.75,0.1875,0.75,1.0,34,96,0.3541666666666667,35.41666666666667,Draft Countdown,Brian Lamb,04/24/25,https://www.draftcountdown.com/nfl-mock-draft/final-2025-nfl-mock-draft-brian-lambs-7-0-mock-draft/?utm_source=nflmockdraftdatabase&utm_medium=website&utm_content=read_mock_link,32
/mock-drafts/2025/fox-sports-2025-chris-fallica?date=2025-04-23,32,32,24,5,24,13.625,7.0,5,6,0.15625,0.15625,0.75,0.1875,0.75,1.0,34,96,0.3541666666666667,35.41666666666667,Fox Sports,Chris Fallica,04/23/25,https://www.foxsports.com/stories/nfl/chris-the-bear-fallicas-2025-nfl-mock-draft?utm_source=nflmockdraftdatabase&utm_medium=website&utm_content=read_mock_link,32
/mock-drafts/2025/pro-football-focus-2025-cris-collinsworth?date=2025-04-23,32,32,24,5,24,15.46875,8.0,5,6,0.15625,0.15625,0.75,0.1875,0.75,1.0,34,96,0.3541666666666667,35.41666666666667,Pro Football Focus,Cris Collinsworth,04/23/25,https://www.pff.com/news/draft-cris-collinsworth-2025-nfl-mock-draft?utm_source=nflmockdraftdatabase&utm_medium=website&utm_content=read_mock_link,32
/mock-drafts/2025/ralphie-report-2025-ryland-scholes?date=2025-04-24,32,32,24,5,24,16.40625,8.0,5,6,0.15625,0.15625,0.75,0.1875,0.75,1.0,34,96,0.3541666666666667,35.41666666666667,Ralphie Report,Ryland Scholes,04/24/25,https://www.ralphiereport.com/2025/4/24/24415640/nfl-mock-draft-2025-ralphie-reports-official-predictions?utm_source=nflmockdraftdatabase&utm_medium=website&utm_content=read_mock_link,32
/mock-drafts/2025/fantasy-life-2025-thor-nystrom?date=2025-04-23,32,32,26,4,26,12.59375,4.0,5,5,0.15625,0.125,0.8125,0.15625,0.8125,1.0,34,96,0.3541666666666667,35.41666666666667,Fantasy Life,Thor Nystrom,04/23/25,https://www.fantasylife.com/articles/nfl-draft/nfl-mock-draft-ashton-jeanty-cracks-the-top-five-in-thor-nystroms-final-update?utm_source=nflmockdraftdatabase&utm_medium=website&utm_content=read_mock_link,32
/mock-drafts/2025/nbc-sports-philadelphia-2025-reuben-frank?date=2025-04-23,32,32,26,4,26,13.0625,6.5,5,5,0.15625,0.125,0.8125,0.15625,0.8125,1.0,34,96,0.3541666666666667,35.41666666666667,NBC Sports Philadelphia,Reuben Frank,04/23/25,https://www.nbcsportsphiladelphia.com/nfl/philadelphia-eagles/mock-draft-2025-eagles-howie-roseman-reuben-frank/662000/?utm_source=nflmockdraftdatabase&utm_medium=website&utm_content=read_mock_link,32
/mock-drafts/2025/pro-football-network-2025-david-bearman?date=2025-04-15,32,32,26,4,26,13.34375,5.0,5,9,0.15625,0.125,0.8125,0.28125,0.8125,1.0,34,96,0.3541666666666667,35.41666666666667,Pro Football Network,David Bearman,04/14/25,https://www.profootballnetwork.com/nfl-mock-draft-bearman-april-2025/?utm_source=nflmockdraftdatabase&utm_medium=website&utm_content=read_mock_link,32
/mock-drafts/2025/si-2025-alan-goldsher?date=2025-04-24,32,32,26,4,26,12.90625,6.5,5,7,0.15625,0.125,0.8125,0.21875,0.8125,1.0,34,96,0.3541666666666667,35.41666666666667,SI,Alan Goldsher,04/24/25,https://www.si.com/nfl/bears/draft/final-2025-first-round-nfl-mock-draft-has-chicago-bears-stealing-a-blue-chip-defender?utm_source=nflmockdraftdatabase&utm_medium=website&utm_content=read_mock_link,32
/mock-drafts/2025/the-draft-network-2025-justin-melo?date=2025-04-23,32,32,26,4,26,13.3125,5.5,5,8,0.15625,0.125,0.8125,0.25,0.8125,1.0,34,96,0.3541666666666667,35.41666666666667,The Draft Network,Justin Melo,04/23/25,https://www.thedraftnetwork.com/2025/04/23/nfl-mock-draft-2025-justin-melo-final?utm_source=nflmockdraftdatabase&utm_medium=website&utm_content=read_mock_link,32
/mock-drafts/2025/nfl-trade-rumors-2025-ethan-woodle?date=2025-04-22,32,32,26,4,26,12.5,5.0,4,8,0.125,0.125,0.8125,0.25,0.8125,1.0,34,96,0.3541666666666667,35.41666666666667,NFL Trade Rumors,Ethan Woodle,04/22/25,https://nfltraderumors.co/final-2025-nfl-mock-draft-2-0-two-rounds/?utm_source=nflmockdraftdatabase&utm_medium=website&utm_content=read_mock_link,32
/mock-drafts/2025/si-2025-matt-verderame?date=2025-04-10,32,32,26,4,26,13.8125,6.5,4,0,0.125,0.125,0.8125,0.0,0.8125,1.0,34,96,0.3541666666666667,35.41666666666667,SI,Matt Verderame,04/10/25,https://www.si.com/nfl/2025-nfl-trades-mock-draft-32-deals-32-teams?utm_source=nflmockdraftdatabase&utm_medium=website&utm_content=read_mock_link,32
/mock-drafts/2025/sports-gambling-podcast-2025-cody-zeeb?date=2025-04-14,32,32,26,4,26,11.375,7.5,4,8,0.125,0.125,0.8125,0.25,0.8125,1.0,34,96,0.3541666666666667,35.41666666666667,Sports Gambling Podcast,Cody Zeeb,04/13/25,https://www.sportsgamblingpodcast.com/2025/04/13/2025-nfl-draft-3-round-mock-draft-3-0-cody-zeeb/?utm_source=nflmockdraftdatabase&utm_medium=website&utm_content=read_mock_link,32
/mock-drafts/2025/cbs-2025-jeff-kerr?date=2025-04-12,32,32,25,4,25,13.125,7.0,6,8,0.1875,0.125,0.78125,0.25,0.78125,1.0,33,96,0.34375,34.375,CBS,Jeff Kerr,04/12/25,https://www.cbssports.com/nfl/draft/news/2025-nfl-mock-draft-steelers-select-qb-with-aaron-rodgers-decision-still-looming-raiders-land-ashton-jeanty/?utm_source=nflmockdraftdatabase&utm_medium=website&utm_content=read_mock_link,32
/mock-drafts/2025/pro-football-focus-2025?date=2025-04-23,32,32,25,4,25,12.46875,7.0,6,6,0.1875,0.125,0.78125,0.1875,0.78125,1.0,33,96,0.34375,34.375,Pro Football Focus,Staff,04/23/25,https://www.pff.com/news/draft-2025-nfl-mock-draft-abdul-carter-lands-with-the-giants-saints-snag-shedeur-sanders?utm_source=nflmockdraftdatabase&utm_medium=website&utm_content=read_mock_link,32
/mock-drafts/2025/nashville-tennessean-2025-nick-suss?date=2025-04-24,32,32,25,4,25,11.4375,5.0,5,6,0.15625,0.125,0.78125,0.1875,0.78125,1.0,33,96,0.34375,34.375,Nashville Tennessean,Nick Suss,04/24/25,https://www.tennessean.com/story/sports/nfl/titans/2025/04/24/nfl-mock-draft-predictions-tennessee-titans/83165527007/?utm_source=nflmockdraftdatabase&utm_medium=website&utm_content=read_mock_link,32
/mock-drafts/2025/sports-gambling-podcast-2025-justin-mark?date=2025-04-10,32,32,25,4,25,14.0625,8.0,5,7,0.15625,0.125,0.78125,0.21875,0.78125,1.0,33,96,0.34375,34.375,Sports Gambling Podcast,Justin Mark,04/10/25,https://www.sportsgamblingpodcast.com/2025/04/10/2025-nfl-three-round-mock-draft-jmark/?utm_source=nflmockdraftdatabase&utm_medium=website&utm_content=read_mock_link,32
/mock-drafts/2025/the-dallas-morning-news-2025-calvin-watkins?date=2025-04-21,32,32,25,4,25,13.15625,6.0,5,8,0.15625,0.125,0.78125,0.25,0.78125,1.0,33,96,0.34375,34.375,The Dallas Morning News,Calvin Watkins,04/21/25,https://www.dallasnews.com/sports/cowboys/2025/04/21/calvin-watkins-2025-nfl-mock-draft-30-with-a-few-top-wrs-available-cowboys-take-speed/?utm_source=nflmockdraftdatabase&utm_medium=website&utm_content=read_mock_link,32
/mock-drafts/2025/247-sports-2025-zack-pearson?date=2025-04-24,32,32,25,4,25,11.53125,4.5,4,6,0.125,0.125,0.78125,0.1875,0.78125,1.0,33,96,0.34375,34.375,247 Sports,Zack Pearson,04/24/25,https://247sports.com/nfl/chicago-bears/contentgallery/final-2025-nfl-mock-draft--249158237/?utm_source=nflmockdraftdatabase&utm_medium=website&utm_content=read_mock_link,32
/mock-drafts/2025/draft-countdown-2025-brian-bosarge?date=2025-04-24,32,32,25,4,25,13.4375,6.5,4,4,0.125,0.125,0.78125,0.125,0.78125,1.0,33,96,0.34375,34.375,Draft Countdown,Brian Bosarge,04/24/25,https://www.draftcountdown.com/nfl-mock-draft/final-2025-nfl-mock-draft-brian-bosarge/?utm_source=nflmockdraftdatabase&utm_medium=website&utm_content=read_mock_link,32
/mock-drafts/2025/ftn-fantasy-2025-mike-randle?date=2025-04-23,32,32,27,3,27,11.0625,4.0,4,8,0.125,0.09375,0.84375,0.25,0.84375,1.0,33,96,0.34375,34.375,FTN Fantasy,Mike Randle,04/23/25,https://ftnfantasy.com/nfl/mike-randles-2025-nfl-mock-draft-40-final?utm_source=nflmockdraftdatabase&utm_medium=website&utm_content=read_mock_link,32
/mock-drafts/2025/nfl-trade-rumors-2025-logan-ulrich?date=2025-04-23,32,32,27,3,27,7.25,4.0,4,11,0.125,0.09375,0.84375,0.34375,0.84375,1.0,33,96,0.34375,34.375,NFL Trade Rumors,Logan Ulrich,04/23/25,https://nfltraderumors.co/final-2025-nfl-mock-draft-3-0/?utm_source=nflmockdraftdatabase&utm_medium=website&utm_content=read_mock_link,32
/mock-drafts/2025/usa-today-2025-jack-mckessy?date=2025-04-17,32,32,27,3,27,12.96875,6.5,4,5,0.125,0.09375,0.84375,0.15625,0.84375,1.0,33,96,0.34375,34.375,USA Today,Jack McKessy,04/17/25,https://www.usatoday.com/story/sports/nfl/draft/2025/04/17/2025-nfl-mock-draft-simulator-shedeur-sanders-no-1/83109261007/?utm_source=nflmockdraftdatabase&utm_medium=website&utm_content=read_mock_link,32
/mock-drafts/2025/fox-sports-2025-rob-rang?date=2025-04-21,32,32,27,3,27,11.84375,5.0,3,7,0.09375,0.09375,0.84375,0.21875,0.84375,1.0,33,96,0.34375,34.375,Fox Sports,Rob Rang,04/21/25,https://www.foxsports.com/stories/nfl/2025-nfl-mock-draft-5-0-shedeur-sanders-jaxson-dart-going-earlier-than-expected?utm_source=nflmockdraftdatabase&utm_medium=website&utm_content=read_mock_link,32
/mock-drafts/2025/belly-up-sports-2025-nathan-nguyen?date=2025-04-24,32,32,24,4,24,14.5625,5.0,5,8,0.15625,0.125,0.75,0.25,0.75,1.0,32,96,0.3333333333333333,33.33333333333333,Belly Up Sports,Nathan Nguyen,04/24/25,https://bellyupsports.com/2025/04/my-final-nfl-mock-draft-for-2025/?utm_source=nflmockdraftdatabase&utm_medium=website&utm_content=read_mock_link,32
/mock-drafts/2025/rotowire-2025-john-mckechnie?date=2025-04-24,32,32,24,4,24,13.34375,7.0,5,8,0.15625,0.125,0.75,0.25,0.75,1.0,32,96,0.3333333333333333,33.33333333333333,Rotowire,John McKechnie,04/23/25,https://www.rotowire.com/football/article/2025-nfl-mock-draft-first-round-92253?utm_source=nflmockdraftdatabase&utm_medium=website&utm_content=read_mock_link,32
/mock-drafts/2025/33rd-team-2025-marcus-mosher?date=2025-04-10,32,32,26,3,26,13.84375,4.0,5,5,0.15625,0.09375,0.8125,0.15625,0.8125,1.0,32,96,0.3333333333333333,33.33333333333333,33rd Team,Marcus Mosher,04/10/25,https://www.the33rdteam.com/2025-nfl-mock-draft-one-massive-trade-that-shakes-up-round-1/?utm_source=nflmockdraftdatabase&utm_medium=website&utm_content=read_mock_link,32
/mock-drafts/2025/newsweek-2025-bryce-lazenby?date=2025-04-14,32,32,26,3,26,13.5625,5.0,5,4,0.15625,0.09375,0.8125,0.125,0.8125,1.0,32,96,0.3333333333333333,33.33333333333333,Newsweek,Bryce Lazenby,04/13/25,https://www.newsweek.com/sports/nfl/2025-nfl-mock-draft-multiple-trades-shake-latest-projection-2059279?utm_source=nflmockdraftdatabase&utm_medium=website&utm_content=read_mock_link,32
/mock-drafts/2025/dolphins-wire-2025-adam-stites?date=2025-04-23,32,32,26,3,26,11.78125,5.0,4,7,0.125,0.09375,0.8125,0.21875,0.8125,1.0,32,96,0.3333333333333333,33.33333333333333,Dolphins Wire,Adam Stites,04/23/25,https://dolphinswire.usatoday.com/story/sports/nfl/dolphins/2025/04/23/dolphins-2025-nfl-draft-mock-shemar-stewart-texas-am/83220531007/?utm_source=nflmockdraftdatabase&utm_medium=website&utm_content=read_mock_link,32
/mock-drafts/2025/athens-news-2025-cody-engander?date=2025-04-22,31,31,25,3,25,12.129032258064516,4.0,3,4,0.0967741935483871,0.0967741935483871,0.8064516129032258,0.12903225806451613,0.8064516129032258,1.0,31,93,0.3333333333333333,33.33333333333333,Athens News,Cody Engander,04/22/25,https://www.athensnews.com/news/sports/2025-nfl-mock-draft/article_e5b09ef7-789d-4c98-948f-bab7b129e952.html?utm_source=nflmockdraftdatabase&utm_medium=website&utm_content=read_mock_link,31
/mock-drafts/2025/haas-football-2025-hunter-haas?date=2025-04-22,32,32,24,4,24,14.34375,7.0,3,8,0.09375,0.125,0.75,0.25,0.75,1.0,32,96,0.3333333333333333,33.33333333333333,Haas Football,Hunter Haas,04/22/25,https://haasfootball.sport.blog/2025/04/22/final-2-round-mock-draft-2025-nfl-draft/?utm_source=nflmockdraftdatabase&utm_medium=website&utm_content=read_mock_link,32
/mock-drafts/2025/nbc-sports-bayarea-2025-matt-maiocco?date=2025-04-23,32,32,26,3,26,12.0,6.0,3,9,0.09375,0.09375,0.8125,0.28125,0.8125,1.0,32,96,0.3333333333333333,33.33333333333333,NBC Sports Bayarea,Matt Maiocco,04/23/25,https://www.nbcsportsbayarea.com/nfl/san-francisco-49ers/mock-draft-shemar-stewart-pick-11/1844449/?utm_source=nflmockdraftdatabase&utm_medium=website&utm_content=read_mock_link,32
/mock-drafts/2025/newsday-2025-tom-rock?date=2025-04-23,32,32,26,3,26,13.46875,4.5,3,6,0.09375,0.09375,0.8125,0.1875,0.8125,1.0,32,96,0.3333333333333333,33.33333333333333,Newsday,Tom Rock,04/23/25,https://www.newsday.com/sports/football/nfl-mock-draft-final-2025-oc6uc2p7?utm_source=nflmockdraftdatabase&utm_medium=website&utm_content=read_mock_link,32
/mock-drafts/2025/nfl-com-2025-marc-ross?date=2025-04-17,32,32,26,3,26,12.0625,4.0,3,6,0.09375,0.09375,0.8125,0.1875,0.8125,1.0,32,96,0.3333333333333333,33.33333333333333,NFL.com,Marc Ross,04/17/25,https://www.nfl.com/news/marc-ross-2025-nfl-mock-draft-1-0-three-qbs-selected-in-top-10-jets-snag-rb-ashton-jeanty?utm_source=nflmockdraftdatabase&utm_medium=website&utm_content=read_mock_link,32
/mock-drafts/2025/si-2025?date=2025-04-18,32,32,25,3,25,12.03125,5.5,5,5,0.15625,0.09375,0.78125,0.15625,0.78125,1.0,31,96,0.3229166666666667,32.29166666666667,SI,Staff,04/18/25,https://www.si.com/nfl/2025-nfl-mock-draft-shedeur-sanders-lands-top-10?utm_source=nflmockdraftdatabase&utm_medium=website&utm_content=read_mock_link,32
/mock-drafts/2025/nfl-com-2025-gennaro-filice?date=2025-04-11,32,32,25,3,25,13.875,7.5,3,5,0.09375,0.09375,0.78125,0.15625,0.78125,1.0,31,96,0.3229166666666667,32.29166666666667,NFL.com,Gennaro Filice,04/11/25,https://www.nfl.com/news/gennaro-filice-2025-nfl-mock-draft-2-0-rb-ashton-jeanty-goes-top-5-cowboys-jump-for-jalon-walker?utm_source=nflmockdraftdatabase&utm_medium=website&utm_content=read_mock_link,32
/mock-drafts/2025/pro-football-network-2025-cameron-sheath?date=2025-04-17,32,32,27,2,27,12.15625,5.5,2,4,0.0625,0.0625,0.84375,0.125,0.84375,1.0,31,96,0.3229166666666667,32.29166666666667,Pro Football Network,Cameron Sheath,04/16/25,https://www.profootballnetwork.com/2-round-nfl-mock-draft-sheath-april-2025/?utm_source=nflmockdraftdatabase&utm_medium=website&utm_content=read_mock_link,32
/mock-drafts/2025/fox-sports-2025-henry-mckenna?date=2025-04-22,32,32,24,3,24,15.875,9.5,4,7,0.125,0.09375,0.75,0.21875,0.75,1.0,30,96,0.3125,31.25,Fox Sports,Henry McKenna,04/22/25,https://www.foxsports.com/stories/nfl/nfl-2025-mock-draft-embrace-chaos-4-qbs-round-1?utm_source=nflmockdraftdatabase&utm_medium=website&utm_content=read_mock_link,32
/mock-drafts/2025/pro-football-focus-2025-jordan-plocher?date=2025-04-14,32,32,24,3,24,16.71875,8.5,3,4,0.09375,0.09375,0.75,0.125,0.75,1.0,30,96,0.3125,31.25,Pro Football Focus,Jordan Plocher,04/14/25,https://www.pff.com/news/draft-2025-nfl-mock-draft-four-quarterbacks-round-1-saints?utm_source=nflmockdraftdatabase&utm_medium=website&utm_content=read_mock_link,32
/mock-drafts/2025/the-draft-network-2025-mason-johnstone?date=2025-04-23,32,32,23,3,23,16.78125,7.0,4,7,0.125,0.09375,0.71875,0.21875,0.71875,1.0,29,96,0.3020833333333333,30.208333333333332,The Draft Network,Mason Johnstone,04/23/25,https://www.thedraftnetwork.com/2025/04/23/nfl-mock-draft-2025-mason-johnstone-final?utm_source=nflmockdraftdatabase&utm_medium=website&utm_content=read_mock_link,32
/mock-drafts/2025/si-2025-pete-martuneac?date=2025-04-18,32,32,25,2,25,14.0,7.0,4,5,0.125,0.0625,0.78125,0.15625,0.78125,1.0,29,96,0.3020833333333333,30.208333333333332,SI,Pete Martuneac,04/17/25,https://www.si.com/nfl/bears/news/2025-nfl-draft-full-first-round-mock-draft-lands-chicago-bears-elite-playmaker?utm_source=nflmockdraftdatabase&utm_medium=website&utm_content=read_mock_link,32
/mock-drafts/2025/in-between-media-2025?date=2025-04-16,32,32,26,1,26,13.3125,6.0,3,2,0.09375,0.03125,0.8125,0.0625,0.8125,1.0,28,96,0.2916666666666667,29.166666666666668,In Between Media,Staff,04/16/25,https://in-betweenmedia.com/2025-nfl-mock-draft-with-trades-first-round-picks-predictions/?utm_source=nflmockdraftdatabase&utm_medium=website&utm_content=read_mock_link,32
/mock-drafts/2025/pro-football-network-2025-mark-stolte?date=2025-04-23,32,32,24,2,24,15.40625,6.5,2,5,0.0625,0.0625,0.75,0.15625,0.75,1.0,28,96,0.2916666666666667,29.166666666666668,Pro Football Network,Mark Stolte,04/22/25,https://www.profootballnetwork.com/3-round-nfl-mock-draft-stolte-april-2025/?utm_source=nflmockdraftdatabase&utm_medium=website&utm_content=read_mock_link,32
/mock-drafts/2025/touchdown-wire-2025-jarrett-bailey?date=2025-04-24,32,32,24,2,24,16.6875,6.0,2,3,0.0625,0.0625,0.75,0.09375,0.75,1.0,28,96,0.2916666666666667,29.166666666666668,Touchdown Wire,Jarrett Bailey,04/24/25,https://touchdownwire.usatoday.com/story/sports/nfl/touchdown/2025/04/24/2025-nfl-mock-draft-final-four-quarterbacks-trades/83239839007/?utm_source=nflmockdraftdatabase&utm_medium=website&utm_content=read_mock_link,32
/mock-drafts/2025/nfl-com-2025-adam-rank?date=2025-04-15,32,32,24,2,24,14.625,9.0,1,5,0.03125,0.0625,0.75,0.15625,0.75,1.0,28,96,0.2916666666666667,29.166666666666668,NFL.com,Adam Rank,04/15/25,https://www.nfl.com/news/2025-nfl-mock-draft-with-a-twist-what-every-team-should-do-in-round-1?utm_source=nflmockdraftdatabase&utm_medium=website&utm_content=read_mock_link,32
/mock-drafts/2025/drafttek-2025?date=2025-04-22,32,32,17,4,17,22.34375,7.0,5,5,0.15625,0.125,0.53125,0.15625,0.53125,1.0,25,96,0.2604166666666667,26.041666666666668,Drafttek,Staff,04/22/25,"https://www.drafttek.com/2025-NFL-Mock-Draft/2025-NFL-Mock-Draft-Round-1.asp,https://www.drafttek.com/2025-NFL-Mock-Draft/2025-NFL-Mock-Draft-Round-2.asp?utm_source=nflmockdraftdatabase&utm_medium=website&utm_content=read_mock_link",32
/mock-drafts/2025/pro-football-focus-2025-dalton-wasserman?date=2025-04-15,32,32,19,1,19,17.9375,8.0,2,4,0.0625,0.03125,0.59375,0.125,0.59375,1.0,21,96,0.21875,21.875,Pro Football Focus,Dalton Wasserman,04/15/25,https://www.pff.com/news/draft-2025-nfl-draft-surprise-picks-for-every-team-in-the-first-round?utm_source=nflmockdraftdatabase&utm_medium=website&utm_content=read_mock_link,32
/mock-drafts/2025/off-tackle-empire-2025-keith-manlove?date=2025-04-24,32,32,11,1,11,49.8125,31.0,0,2,0.0,0.03125,0.34375,0.0625,0.34375,1.0,13,96,0.13541666666666666,13.541666666666666,Off Tackle Empire,Keith Manlove,04/24/25,https://www.offtackleempire.com/2025/4/24/24415743/2025-nfl-draft-big-board-mock-draft-projections-predictions-ohio-state-michigan-penn-state-players?utm_source=nflmockdraftdatabase&utm_medium=website&utm_content=read_mock_link,32
